Journal,年份,ISSN/EISSN,Review,OA Journal Index（OAJ）,Open Access,Web of Science,影响因子,标注,大类,大类分区,Top,权威期刊,小类1,小类1分区,小类2,小类2分区,小类3,小类3分区,小类4,小类4分区,小类5,小类5分区,小类6,小类6分区
Nature Sustainability,2025,2398-9629/2398-9629,否,否,否,SSCI;SCIE,27.1,,环境科学与生态学,1 [1/504],是,一级, ENVIRONMENTAL SCIENCES 环境科学,1 [3/357], ENVIRONMENTAL STUDIES 环境研究,1 [2/183], GREEN & SUSTAINABLE SCIENCE & TECHNOLOGY 绿色可持续发展技术,1 [1/91],,,,,,
Annual Review of Environment and Resources,2025,1543-5938/1545-2050,是,否,否,SSCI;SCIE,16,,环境科学与生态学,1 [2/504],是,一级, ENVIRONMENTAL SCIENCES 环境科学,1 [6/357], ENVIRONMENTAL STUDIES 环境研究,1 [3/183],,,,,,,,
GLOBAL CHANGE BIOLOGY,2025,1354-1013/1365-2486,否,否,否,SCIE,12,,环境科学与生态学,1 [3/504],是,一级, BIODIVERSITY CONSERVATION 生物多样性保护,1 [1/75], ECOLOGY 生态学,1 [4/196], ENVIRONMENTAL SCIENCES 环境科学,1 [7/357],,,,,,
ISME Journal,2025,1751-7362/1751-7370,否,否,否,SCIE,10,,环境科学与生态学,1 [4/504],是,一级, ECOLOGY 生态学,1 [5/196], MICROBIOLOGY 微生物学,1 [8/159],,,,,,,,
Wiley Interdisciplinary Reviews-Climate Change,2025,1757-7780/1757-7799,是,否,否,SSCI;SCIE,10.3,,环境科学与生态学,1 [5/504],是,一级, ENVIRONMENTAL STUDIES 环境研究,1 [5/183], METEOROLOGY & ATMOSPHERIC SCIENCES 气象与大气科学,1 [2/109],,,,,,,,
ECOLOGY LETTERS,2025,1461-023X/1461-0248,否,否,否,SCIE,7.9,,环境科学与生态学,1 [6/504],是,一级, ECOLOGY 生态学,1 [6/196],,,,,,,,,,
GLOBAL ENVIRONMENTAL CHANGE-HUMAN AND POLICY DIMENSIONS,2025,0959-3780/1872-9495,否,否,否,SSCI;SCIE,9.1,,环境科学与生态学,1 [7/504],是,一级, ENVIRONMENTAL SCIENCES 环境科学,1 [9/357], ENVIRONMENTAL STUDIES 环境研究,1 [6/183], GEOGRAPHY 地理学,1 [3/171],,,,,,
FRONTIERS IN ECOLOGY AND THE ENVIRONMENT,2025,1540-9295/1540-9309,否,否,否,SCIE,7.6,,环境科学与生态学,1 [8/504],是,一级, ECOLOGY 生态学,1 [7/196], ENVIRONMENTAL SCIENCES 环境科学,1 [10/357],,,,,,,,
WATER RESEARCH,2025,0043-1354/1879-2448,否,否,否,SCIE,12.4,,环境科学与生态学,1 [9/504],是,一级," ENGINEERING, ENVIRONMENTAL 工程：环境",1 [2/80], ENVIRONMENTAL SCIENCES 环境科学,1 [11/357], WATER RESOURCES 水资源,1 [1/124],,,,,,
ENVIRONMENTAL HEALTH PERSPECTIVES,2025,0091-6765/1552-9924,否,否,是,SCIE,9.8,,环境科学与生态学,1 [10/504],是,一级, ENVIRONMENTAL SCIENCES 环境科学,1 [12/357]," PUBLIC, ENVIRONMENTAL & OCCUPATIONAL HEALTH 公共卫生、环境卫生与职业卫生",1 [10/404], TOXICOLOGY 毒理学,1 [3/106],,,,,,
One Earth,2025,2590-3330/2590-3322,否,否,否,SSCI;SCIE,15.3,,环境科学与生态学,1 [11/504],是,一级, ENVIRONMENTAL SCIENCES 环境科学,1 [13/357], ENVIRONMENTAL STUDIES 环境研究,1 [8/183], GREEN & SUSTAINABLE SCIENCE & TECHNOLOGY 绿色可持续发展技术,1 [4/91],,,,,,
Environmental Science and Ecotechnology,2025,2666-4984/2666-4984,否,是,是,SCIE,14.3,,环境科学与生态学,1 [12/504],是,一级, ENVIRONMENTAL SCIENCES 环境科学,1 [14/357], GREEN & SUSTAINABLE SCIENCE & TECHNOLOGY 绿色可持续发展技术,1 [5/91],,,,,,,,
ENVIRONMENTAL SCIENCE & TECHNOLOGY,2025,0013-936X/1520-5851,否,否,否,SCIE,11.3,,环境科学与生态学,1 [13/504],是,一级," ENGINEERING, ENVIRONMENTAL 工程：环境",1 [4/80], ENVIRONMENTAL SCIENCES 环境科学,1 [17/357],,,,,,,,
ENVIRONMENT INTERNATIONAL,2025,0160-4120/1873-6750,否,是,是,SCIE,9.7,,环境科学与生态学,1 [14/504],是,一级, ENVIRONMENTAL SCIENCES 环境科学,1 [18/357],,,,,,,,,,
Conservation Letters,2025,1755-263X/1755-263X,否,是,是,SCIE,5.9,,环境科学与生态学,1 [15/504],是,一级, BIODIVERSITY CONSERVATION 生物多样性保护,1 [2/75],,,,,,,,,,
CRITICAL REVIEWS IN ENVIRONMENTAL SCIENCE AND TECHNOLOGY,2025,1064-3389/1547-6537,是,否,否,SCIE,13.2,,环境科学与生态学,1 [16/504],是,一级, ENVIRONMENTAL SCIENCES 环境科学,2 [33/357],,,,,,,,,,
JOURNAL OF HAZARDOUS MATERIALS,2025,0304-3894/1873-3336,否,否,否,SCIE,11.3,Mega-Journal,环境科学与生态学,1 [17/504],是,一级," ENGINEERING, ENVIRONMENTAL 工程：环境",1 [5/80], ENVIRONMENTAL SCIENCES 环境科学,1 [19/357],,,,,,,,
RESOURCES CONSERVATION AND RECYCLING,2025,0921-3449/1879-0658,否,否,否,SCIE,10.9,,环境科学与生态学,1 [18/504],是,一级, ENVIRONMENTAL SCIENCES 环境科学,1 [20/357]," ENGINEERING, ENVIRONMENTAL 工程：环境",2 [6/80],,,,,,,,
Wiley Interdisciplinary Reviews-Water,2025,2049-1948/2049-1948,是,否,否,SCIE,5.8,,环境科学与生态学,1 [19/504],是,一级, WATER RESOURCES 水资源,1 [3/124], ENVIRONMENTAL SCIENCES 环境科学,2 [34/357],,,,,,,,
GLOBAL ECOLOGY AND BIOGEOGRAPHY,2025,1466-822X/1466-8238,否,否,否,SCIE,6,,环境科学与生态学,1 [20/504],是,一级, ECOLOGY 生态学,1 [10/196]," GEOGRAPHY, PHYSICAL 自然地理",1 [2/63],,,,,,,,
LANDSCAPE AND URBAN PLANNING,2025,0169-2046/1872-6062,否,否,否,SSCI;SCIE,9.2,,环境科学与生态学,1 [21/504],是,一级, ECOLOGY 生态学,1 [12/196]," GEOGRAPHY, PHYSICAL 自然地理",1 [3/63], URBAN STUDIES 城市研究,1 [4/77], ENVIRONMENTAL STUDIES 环境研究,2 [15/183], GEOGRAPHY 地理学,2 [9/171], REGIONAL & URBAN PLANNING 区域与城市规划,2 [6/54]
Current Opinion in Environmental Sustainability,2025,1877-3435/1877-3443,否,否,否,SCIE,6.3,,环境科学与生态学,1 [22/504],是,一级, ENVIRONMENTAL SCIENCES 环境科学,1 [22/357], GREEN & SUSTAINABLE SCIENCE & TECHNOLOGY 绿色可持续发展技术,2 [9/91],,,,,,,,
BIORESOURCE TECHNOLOGY,2025,0960-8524/1873-2976,否,否,否,SCIE,9,,环境科学与生态学,1 [23/504],是,一级, AGRICULTURAL ENGINEERING 农业工程,1 [1/19], BIOTECHNOLOGY & APPLIED MICROBIOLOGY 生物工程与应用微生物,1 [12/174], ENERGY & FUELS 能源与燃料,2 [23/171],,,,,,
Sustainable Production and Consumption,2025,2352-5509/2352-5509,否,否,否,SSCI;SCIE,9.6,,环境科学与生态学,1 [24/504],是,一级, ENVIRONMENTAL STUDIES 环境研究,2 [17/183], GREEN & SUSTAINABLE SCIENCE & TECHNOLOGY 绿色可持续发展技术,2 [10/91],,,,,,,,
JOURNAL OF APPLIED ECOLOGY,2025,0021-8901/1365-2664,否,否,否,SCIE,4.8,,环境科学与生态学,1 [25/504],是,一级, BIODIVERSITY CONSERVATION 生物多样性保护,1 [3/75], ECOLOGY 生态学,1 [13/196],,,,,,,,
Journal of Cleaner Production,2025,0959-6526/1879-1786,否,否,否,SCIE,10,Mega-Journal,环境科学与生态学,1 [26/504],是,一级, ENVIRONMENTAL SCIENCES 环境科学,1 [23/357]," ENGINEERING, ENVIRONMENTAL 工程：环境",2 [8/80], GREEN & SUSTAINABLE SCIENCE & TECHNOLOGY 绿色可持续发展技术,2 [12/91],,,,,,
Geography and Sustainability,2025,2096-7438/2666-6839,否,否,是,ESCI,8,,环境科学与生态学,1 [27/504],是,一级," GEOGRAPHY, PHYSICAL 自然地理",1 [4/63], GREEN & SUSTAINABLE SCIENCE & TECHNOLOGY 绿色可持续发展技术,1 [6/91],,,,,,,,
JOURNAL OF ECOLOGY,2025,0022-0477/1365-2745,否,否,否,SCIE,5.6,,环境科学与生态学,1 [28/504],是,一级, ECOLOGY 生态学,1 [14/196], PLANT SCIENCES 植物科学,1 [17/265],,,,,,,,
BIOLOGICAL CONSERVATION,2025,0006-3207/1873-2917,否,否,否,SCIE,4.4,,环境科学与生态学,1 [29/504],是,一级, BIODIVERSITY CONSERVATION 生物多样性保护,1 [4/75], ECOLOGY 生态学,1 [15/196], ENVIRONMENTAL SCIENCES 环境科学,1 [25/357],,,,,,
Resources Environment and Sustainability,2025,2666-9161/2666-9161,否,否,否,ESCI,7.8,,环境科学与生态学,1 [30/504],是,一级, ENVIRONMENTAL SCIENCES 环境科学,2 [36/357], ENVIRONMENTAL STUDIES 环境研究,2 [21/183], GREEN & SUSTAINABLE SCIENCE & TECHNOLOGY 绿色可持续发展技术,2 [14/91],,,,,,
ECOGRAPHY,2025,0906-7590/1600-0587,否,是,是,SCIE,4.7,,环境科学与生态学,1 [31/504],是,一级, BIODIVERSITY CONSERVATION 生物多样性保护,1 [5/75], ECOLOGY 生态学,1 [16/196],,,,,,,,
FUNCTIONAL ECOLOGY,2025,0269-8463/1365-2435,否,否,否,SCIE,5.1,,环境科学与生态学,1 [32/504],是,一级, ECOLOGY 生态学,2 [21/196],,,,,,,,,,
Ecological Indicators,2025,1470-160X/1872-7034,否,是,是,SCIE,7.4,,环境科学与生态学,1 [33/504],是,一级, ENVIRONMENTAL SCIENCES 环境科学,2 [39/357],,,,,,,,,,
DIVERSITY AND DISTRIBUTIONS,2025,1366-9516/1472-4642,否,是,是,SCIE,4.2,,环境科学与生态学,1 [34/504],是,一级, BIODIVERSITY CONSERVATION 生物多样性保护,1 [6/75], ECOLOGY 生态学,2 [22/196],,,,,,,,
Climate Risk Management,2025,2212-0963/2212-0963,否,是,是,SSCI;SCIE,5,,环境科学与生态学,1 [35/504],是,一级, METEOROLOGY & ATMOSPHERIC SCIENCES 气象与大气科学,1 [10/109], ENVIRONMENTAL SCIENCES 环境科学,2 [40/357], ENVIRONMENTAL STUDIES 环境研究,2 [27/183],,,,,,
CONSERVATION BIOLOGY,2025,0888-8892/1523-1739,否,否,否,SCIE,5.5,,环境科学与生态学,1 [36/504],是,一级, BIODIVERSITY CONSERVATION 生物多样性保护,2 [7/75], ECOLOGY 生态学,2 [23/196], ENVIRONMENTAL SCIENCES 环境科学,2 [41/357],,,,,,
Biochar,2025,2524-7972/2524-7867,否,是,是,SCIE,13.5,中国SCI期刊支持计划,环境科学与生态学,1 [37/504],是,一级, ENVIRONMENTAL SCIENCES 环境科学,1 [27/357], SOIL SCIENCE 土壤科学,1 [5/48],,,,,,,,
Environmental Chemistry and Ecotoxicology,2025,2590-1826/2590-1826,否,否,是,ESCI,8.2,中国SCI期刊支持计划,环境科学与生态学,1 [38/504],是,一级, ENVIRONMENTAL SCIENCES 环境科学,1 [29/357], TOXICOLOGY 毒理学,1 [6/106],,,,,,,,
Journal of Plant Ecology,2025,1752-9921/1752-993X,否,否,否,SCIE,3.9,中国SCI期刊支持计划,环境科学与生态学,1 [39/504],是,一级, ECOLOGY 生态学,1 [18/196], FORESTRY 林学,1 [8/89], PLANT SCIENCES 植物科学,1 [24/265],,,,,,
REVIEWS IN ENVIRONMENTAL SCIENCE AND BIO-TECHNOLOGY,2025,1569-1705/1572-9826,是,否,否,SCIE,10.6,,环境科学与生态学,2 [40/504],否,一级, BIOTECHNOLOGY & APPLIED MICROBIOLOGY 生物工程与应用微生物,2 [17/174], ENVIRONMENTAL SCIENCES 环境科学,2 [35/357],,,,,,,,
SUSTAINABLE DEVELOPMENT,2025,0968-0802/1099-1719,否,否,否,SSCI,8.2,,环境科学与生态学,2 [41/504],否,一级, DEVELOPMENT STUDIES 发展研究,2 [7/63], REGIONAL & URBAN PLANNING 区域与城市规划,2 [9/54], GREEN & SUSTAINABLE SCIENCE & TECHNOLOGY 绿色可持续发展技术,3 [17/91],,,,,,
URBAN FORESTRY & URBAN GREENING,2025,1618-8667/1610-8167,否,否,否,SSCI;SCIE,6.7,,环境科学与生态学,2 [42/504],是,一级, FORESTRY 林学,1 [2/89], ENVIRONMENTAL STUDIES 环境研究,2 [30/183], URBAN STUDIES 城市研究,2 [9/77],,,,,,
PROCESS SAFETY AND ENVIRONMENTAL PROTECTION,2025,0957-5820/1744-3598,否,否,否,SCIE,7.8,,环境科学与生态学,2 [43/504],是,一级," ENGINEERING, CHEMICAL 工程：化工",2 [15/169]," ENGINEERING, ENVIRONMENTAL 工程：环境",2 [9/80],,,,,,,,
ECOLOGY,2025,0012-9658/1939-9170,否,否,否,SCIE,4.3,,环境科学与生态学,2 [44/504],是,一级, ECOLOGY 生态学,2 [24/196],,,,,,,,,,
ECOLOGICAL APPLICATIONS,2025,1051-0761/1939-5582,否,否,否,SCIE,4.3,,环境科学与生态学,2 [45/504],是,一级, ECOLOGY 生态学,2 [26/196], ENVIRONMENTAL SCIENCES 环境科学,2 [44/357],,,,,,,,
Environmental Microbiome,2025,2524-6372/2524-6372,否,否,是,SCIE,5.4,,环境科学与生态学,2 [46/504],否,一级, GENETICS & HEREDITY 遗传学,2 [25/190], MICROBIOLOGY 微生物学,2 [21/159],,,,,,,,
Waste Management,2025,0956-053X/1879-2456,否,否,否,SCIE,7.1,,环境科学与生态学,2 [47/504],是,一级," ENGINEERING, ENVIRONMENTAL 工程：环境",2 [10/80], ENVIRONMENTAL SCIENCES 环境科学,2 [45/357],,,,,,,,
Science of The Total Environment,2025,0048-9697/1879-1026,否,否,否,SCIEOnHold,8,Mega-Journal,环境科学与生态学,2 [48/504],是,一级, ENVIRONMENTAL SCIENCES 环境科学,2 [46/357],,,,,,,,,,
Ecosystem Services,2025,2212-0416/2212-0416,否,否,否,SSCI;SCIE,6.6,,环境科学与生态学,2 [49/504],否,一级, ECOLOGY 生态学,2 [27/196], ENVIRONMENTAL SCIENCES 环境科学,2 [47/357], ENVIRONMENTAL STUDIES 环境研究,2 [31/183],,,,,,
Journal of Environmental Management,2025,0301-4797/1095-8630,否,否,否,SCIE,8.4,Mega-Journal,环境科学与生态学,2 [50/504],是,一级, ENVIRONMENTAL SCIENCES 环境科学,2 [48/357],,,,,,,,,,
Journal of Environmental Informatics,2025,1726-2135/1684-8799,否,否,否,SCIE,5.4,,环境科学与生态学,2 [51/504],否,一级, ENVIRONMENTAL SCIENCES 环境科学,2 [49/357],,,,,,,,,,
Sustainability Science,2025,1862-4065/1862-4057,否,否,否,SCIE,5.3,,环境科学与生态学,2 [52/504],否,一级, ENVIRONMENTAL SCIENCES 环境科学,2 [51/357], GREEN & SUSTAINABLE SCIENCE & TECHNOLOGY 绿色可持续发展技术,3 [20/91],,,,,,,,
JOURNAL OF ANIMAL ECOLOGY,2025,0021-8790/1365-2656,否,否,否,SCIE,3.7,,环境科学与生态学,2 [53/504],是,一级, ZOOLOGY 动物学,1 [5/179], ECOLOGY 生态学,2 [28/196],,,,,,,,
Methods in Ecology and Evolution,2025,2041-210X/2041-2096,否,是,是,SCIE,6.2,,环境科学与生态学,2 [54/504],是,一级, ECOLOGY 生态学,2 [29/196],,,,,,,,,,
BULLETIN OF THE AMERICAN MUSEUM OF NATURAL HISTORY,2025,0003-0090/1937-3546,否,否,否,SCIE,3.4,,环境科学与生态学,2 [55/504],否,一级, BIODIVERSITY CONSERVATION 生物多样性保护,2 [8/75], ECOLOGY 生态学,2 [30/196],,,,,,,,
Environmental Health,2025,1476-069X/1476-069X,否,否,是,SCIE,5.9,,环境科学与生态学,2 [56/504],否,一级," PUBLIC, ENVIRONMENTAL & OCCUPATIONAL HEALTH 公共卫生、环境卫生与职业卫生",1 [29/404], ENVIRONMENTAL SCIENCES 环境科学,2 [53/357],,,,,,,,
Ecological Informatics,2025,1574-9541/1878-0512,否,是,是,SCIE,7.3,,环境科学与生态学,2 [57/504],否,一级, ECOLOGY 生态学,2 [32/196],,,,,,,,,,
JOURNAL OF BIOGEOGRAPHY,2025,0305-0270/1365-2699,否,否,否,SCIE,3.6,,环境科学与生态学,2 [58/504],否,一级, ECOLOGY 生态学,2 [33/196]," GEOGRAPHY, PHYSICAL 自然地理",2 [9/63],,,,,,,,
ENVIRONMENTAL SCIENCE & POLICY,2025,1462-9011/1873-6416,否,否,否,SCIE,5.2,,环境科学与生态学,2 [59/504],否,一级, ENVIRONMENTAL SCIENCES 环境科学,2 [55/357],,,,,,,,,,
Environmental Science & Technology Letters,2025,2328-8930,否,否,否,SCIE,8.8,,环境科学与生态学,2 [60/504],否,一级," ENGINEERING, ENVIRONMENTAL 工程：环境",2 [11/80], ENVIRONMENTAL SCIENCES 环境科学,2 [56/357],,,,,,,,
People and Nature,2025,2575-8314/2575-8314,否,是,是,SCIE,4.9,,环境科学与生态学,2 [61/504],否,一级, BIODIVERSITY CONSERVATION 生物多样性保护,2 [10/75], ECOLOGY 生态学,2 [34/196],,,,,,,,
ENVIRONMENTAL RESEARCH,2025,0013-9351/1096-0953,否,否,否,SCIE,7.7,,环境科学与生态学,2 [62/504],否,一级, ENVIRONMENTAL SCIENCES 环境科学,2 [57/357]," PUBLIC, ENVIRONMENTAL & OCCUPATIONAL HEALTH 公共卫生、环境卫生与职业卫生",2 [39/404],,,,,,,,
Water Research X,2025,2589-9147/2589-9147,否,是,是,SCIE,8.2,,环境科学与生态学,2 [63/504],否,一级," ENGINEERING, ENVIRONMENTAL 工程：环境",2 [12/80], ENVIRONMENTAL SCIENCES 环境科学,2 [59/357], WATER RESOURCES 水资源,2 [10/124],,,,,,
ENVIRONMENTAL POLLUTION,2025,0269-7491/1873-6424,否,否,否,SCIE,7.3,,环境科学与生态学,2 [64/504],否,一级, ENVIRONMENTAL SCIENCES 环境科学,2 [60/357],,,,,,,,,,
OCEAN & COASTAL MANAGEMENT,2025,0964-5691/1873-524X,否,否,否,SCIE,5.4,,环境科学与生态学,2 [65/504],否,一级, OCEANOGRAPHY 海洋学,1 [4/66], WATER RESOURCES 水资源,2 [11/124],,,,,,,,
Environmental Research Letters,2025,1748-9326/1748-9326,否,否,是,SCIE,5.6,,环境科学与生态学,2 [66/504],否,一级, ENVIRONMENTAL SCIENCES 环境科学,2 [61/357], METEOROLOGY & ATMOSPHERIC SCIENCES 气象与大气科学,2 [16/109],,,,,,,,
AMBIO,2025,0044-7447/1654-7209,否,否,否,SCIE,5.1,,环境科学与生态学,2 [67/504],否,一级," ENGINEERING, ENVIRONMENTAL 工程：环境",2 [13/80], ENVIRONMENTAL SCIENCES 环境科学,2 [62/357],,,,,,,,
International Journal of Disaster Risk Reduction,2025,2212-4209/2212-4209,否,否,否,SCIE,4.5,,环境科学与生态学,2 [68/504],否,一级," GEOSCIENCES, MULTIDISCIPLINARY 地球科学：综合",2 [40/258], METEOROLOGY & ATMOSPHERIC SCIENCES 气象与大气科学,2 [20/109], WATER RESOURCES 水资源,2 [14/124],,,,,,
CLIMATIC CHANGE,2025,0165-0009/1573-1480,否,否,否,SCIE,4.8,,环境科学与生态学,2 [69/504],否,一级, ENVIRONMENTAL SCIENCES 环境科学,2 [64/357], METEOROLOGY & ATMOSPHERIC SCIENCES 气象与大气科学,2 [21/109],,,,,,,,
ECOTOXICOLOGY AND ENVIRONMENTAL SAFETY,2025,0147-6513/1090-2414,否,否,否,SCIE,6.1,,环境科学与生态学,2 [70/504],否,一级, TOXICOLOGY 毒理学,1 [7/106], ENVIRONMENTAL SCIENCES 环境科学,2 [65/357],,,,,,,,
ENVIRONMENTAL MODELLING & SOFTWARE,2025,1364-8152/1873-6726,否,否,否,SCIE,4.6,,环境科学与生态学,2 [71/504],否,一级," COMPUTER SCIENCE, INTERDISCIPLINARY APPLICATIONS 计算机：跨学科应用",2 [36/172]," ENGINEERING, ENVIRONMENTAL 工程：环境",2 [14/80], ENVIRONMENTAL SCIENCES 环境科学,2 [66/357], WATER RESOURCES 水资源,2 [15/124],,,,
Remote Sensing in Ecology and Conservation,2025,2056-3485/2056-3485,否,是,是,SCIE,4.3,,环境科学与生态学,2 [72/504],否,一级, ECOLOGY 生态学,2 [37/196], REMOTE SENSING 遥感,3 [15/61],,,,,,,,
ANIMAL CONSERVATION,2025,1367-9430/1469-1795,否,否,否,SCIE,2.6,,环境科学与生态学,2 [73/504],否,一级, BIODIVERSITY CONSERVATION 生物多样性保护,2 [11/75], ECOLOGY 生态学,2 [38/196],,,,,,,,
BEHAVIORAL ECOLOGY,2025,1045-2249/1465-7279,否,否,否,SCIE,2.2,,环境科学与生态学,2 [74/504],否,一级, ZOOLOGY 动物学,1 [10/179], BEHAVIORAL SCIENCES 行为科学,2 [9/55], ECOLOGY 生态学,2 [41/196],,,,,,
Perspectives in Ecology and Conservation,2025,2530-0644/2530-0644,否,是,是,SCIE,3.5,,环境科学与生态学,2 [75/504],否,一级, BIODIVERSITY CONSERVATION 生物多样性保护,2 [13/75],,,,,,,,,,
PERSPECTIVES IN PLANT ECOLOGY EVOLUTION AND SYSTEMATICS,2025,1433-8319/1433-8319,否,否,否,SCIE,2.9,,环境科学与生态学,2 [76/504],否,一级, ECOLOGY 生态学,2 [42/196], PLANT SCIENCES 植物科学,2 [35/265],,,,,,,,
Environmental Chemistry Letters,2025,1610-3653/1610-3661,否,否,否,SCIE,20.4,,环境科学与生态学,2 [77/504],否,一级," CHEMISTRY, MULTIDISCIPLINARY 化学：综合",2 [48/230], ENVIRONMENTAL SCIENCES 环境科学,2 [67/357]," ENGINEERING, ENVIRONMENTAL 工程：环境",3 [15/80],,,,,,
Global Sustainability,2025,2059-4798/2059-4798,否,否,是,ESCI,5.8,,环境科学与生态学,2 [78/504],否,二级, ENVIRONMENTAL SCIENCES 环境科学,2 [69/357], ENVIRONMENTAL STUDIES 环境研究,3 [48/183], GREEN & SUSTAINABLE SCIENCE & TECHNOLOGY 绿色可持续发展技术,3 [25/91],,,,,,
ADVANCES IN WATER RESOURCES,2025,0309-1708/1872-9657,否,否,否,SCIE,4.2,,环境科学与生态学,2 [79/504],否,二级, WATER RESOURCES 水资源,2 [16/124],,,,,,,,,,
Ecological Processes,2025,2192-1709/2192-1709,否,是,是,SCIE,3.9,,环境科学与生态学,2 [80/504],否,二级, ECOLOGY 生态学,2 [43/196], ENVIRONMENTAL SCIENCES 环境科学,2 [70/357],,,,,,,,
Climate Services,2025,2405-8807/2405-8807,否,否,是,SSCI;SCIE,4.5,,环境科学与生态学,2 [81/504],否,二级, ENVIRONMENTAL SCIENCES 环境科学,2 [72/357], METEOROLOGY & ATMOSPHERIC SCIENCES 气象与大气科学,2 [26/109], ENVIRONMENTAL STUDIES 环境研究,3 [52/183],,,,,,
Ecosystems and People,2025,2639-5916/2639-5916,否,否,是,ESCI,3.7,,环境科学与生态学,2 [82/504],否,二级, BIODIVERSITY CONSERVATION 生物多样性保护,2 [14/75], ECOLOGY 生态学,2 [44/196], ENVIRONMENTAL SCIENCES 环境科学,2 [73/357], ENVIRONMENTAL STUDIES 环境研究,3 [54/183],,,,
Carbon Balance and Management,2025,1750-0680/1750-0680,否,否,是,SCIE,5.8,,环境科学与生态学,2 [83/504],否,二级, ENVIRONMENTAL SCIENCES 环境科学,2 [74/357],,,,,,,,,,
ACS Environmental Au,2025,2694-2518/2694-2518,否,否,是,ESCI,7.7,,环境科学与生态学,2 [84/504],否,二级, ENVIRONMENTAL SCIENCES 环境科学,2 [75/357]," ENGINEERING, ENVIRONMENTAL 工程：环境",3 [17/80],,,,,,,,
Environmental and Sustainability Indicators,2025,2665-9727/2665-9727,否,否,是,ESCI,5.6,,环境科学与生态学,2 [85/504],否,二级, ENVIRONMENTAL SCIENCES 环境科学,2 [76/357], ENVIRONMENTAL STUDIES 环境研究,3 [56/183],,,,,,,,
ECOLOGICAL MONOGRAPHS,2025,0012-9615/1557-7015,否,否,否,SCIE,7.5,,环境科学与生态学,2 [86/504],否,二级, ECOLOGY 生态学,2 [45/196],,,,,,,,,,
Environmental Technology & Innovation,2025,2352-1864/2352-1864,否,是,是,SCIE,7.1,,环境科学与生态学,2 [87/504],否,二级, BIOTECHNOLOGY & APPLIED MICROBIOLOGY 生物工程与应用微生物,2 [23/174], ENVIRONMENTAL SCIENCES 环境科学,2 [77/357]," ENGINEERING, ENVIRONMENTAL 工程：环境",3 [18/80],,,,,,
Environmental Development,2025,2211-4645/2211-4653,否,否,否,SCIE,5.3,,环境科学与生态学,2 [88/504],否,二级, ENVIRONMENTAL SCIENCES 环境科学,2 [78/357],,,,,,,,,,
AMERICAN NATURALIST,2025,0003-0147/1537-5323,否,否,否,SCIE,2.7,,环境科学与生态学,2 [89/504],否,二级, ECOLOGY 生态学,2 [46/196], EVOLUTIONARY BIOLOGY 进化生物学,3 [19/52],,,,,,,,
LANDSCAPE ECOLOGY,2025,0921-2973/1572-9761,否,是,是,SCIE,3.7,,环境科学与生态学,2 [90/504],否,二级, ECOLOGY 生态学,2 [47/196]," GEOGRAPHY, PHYSICAL 自然地理",2 [13/63]," GEOSCIENCES, MULTIDISCIPLINARY 地球科学：综合",2 [48/258],,,,,,
NeoBiota,2025,1619-0033/1314-2488,否,否,是,SCIE,3,,环境科学与生态学,2 [91/504],否,二级, BIODIVERSITY CONSERVATION 生物多样性保护,2 [15/75], ECOLOGY 生态学,2 [49/196],,,,,,,,
Current Pollution Reports,2025,2198-6592/2198-6592,是,否,否,SCIE,8.1,,环境科学与生态学,2 [92/504],否,二级," PUBLIC, ENVIRONMENTAL & OCCUPATIONAL HEALTH 公共卫生、环境卫生与职业卫生",2 [64/404], ENVIRONMENTAL SCIENCES 环境科学,3 [92/357],,,,,,,,
Journal of Environmental Sciences,2025,1001-0742/1878-7320,否,否,否,SCIE,6.3,,环境科学与生态学,2 [93/504],否,二级, ENVIRONMENTAL SCIENCES 环境科学,2 [79/357],,,,,,,,,,
International Journal of Sustainability in Higher Education,2025,1467-6370/1758-6739,否,否,否,SSCI,3.4,,环境科学与生态学,2 [94/504],否,二级, EDUCATION & EDUCATIONAL RESEARCH 教育学和教育研究,3 [163/754], GREEN & SUSTAINABLE SCIENCE & TECHNOLOGY 绿色可持续发展技术,3 [27/91],,,,,,,,
OIKOS,2025,0030-1299/1600-0706,否,否,否,SCIE,3,,环境科学与生态学,2 [95/504],否,二级, ECOLOGY 生态学,3 [54/196],,,,,,,,,,
Global Ecology and Conservation,2025,2351-9894/2351-9894,否,是,是,SCIE,3.4,,环境科学与生态学,2 [96/504],否,二级, BIODIVERSITY CONSERVATION 生物多样性保护,2 [16/75], ECOLOGY 生态学,3 [55/196],,,,,,,,
Cleaner Environmental Systems,2025,2666-7894/2666-7894,否,否,是,ESCI,4.9,,环境科学与生态学,2 [97/504],否,二级, ENVIRONMENTAL SCIENCES 环境科学,2 [82/357]," ENGINEERING, ENVIRONMENTAL 工程：环境",3 [19/80], ENVIRONMENTAL STUDIES 环境研究,3 [58/183], GREEN & SUSTAINABLE SCIENCE & TECHNOLOGY 绿色可持续发展技术,3 [30/91],,,,
Frontiers of Environmental Science & Engineering,2025,2095-2201/2095-221X,否,否,否,SCIE,6.4,,环境科学与生态学,2 [98/504],否,二级, ENVIRONMENTAL SCIENCES 环境科学,2 [83/357]," ENGINEERING, ENVIRONMENTAL 工程：环境",3 [20/80],,,,,,,,
Sustainability-Science Practice and Policy,2025,1548-7733/1548-7733,否,否,是,ESCI,4.8,,环境科学与生态学,2 [99/504],否,二级, ENVIRONMENTAL STUDIES 环境研究,3 [59/183], GREEN & SUSTAINABLE SCIENCE & TECHNOLOGY 绿色可持续发展技术,3 [31/91],,,,,,,,
Regional Sustainability,2025,2097-0129/2666-660X,否,否,是,ESCI,4.6,,环境科学与生态学,2 [100/504],否,二级, ENVIRONMENTAL SCIENCES 环境科学,2 [84/357], ENVIRONMENTAL STUDIES 环境研究,2 [38/183],,,,,,,,
BASIC AND APPLIED ECOLOGY,2025,1439-1791/1618-0089,否,是,是,SCIE,3.5,,环境科学与生态学,2 [101/504],否,二级, ECOLOGY 生态学,3 [57/196],,,,,,,,,,
Plants People Planet,2025,2572-2611/2572-2611,否,是,是,SCIE,3.6,,环境科学与生态学,2 [102/504],否,二级, BIODIVERSITY CONSERVATION 生物多样性保护,2 [17/75], PLANT SCIENCES 植物科学,2 [44/265], ECOLOGY 生态学,3 [58/196],,,,,,
Regional Environmental Change,2025,1436-3798/1436-378X,否,否,否,SSCI;SCIE,3.6,,环境科学与生态学,2 [103/504],否,二级, ENVIRONMENTAL SCIENCES 环境科学,3 [93/357], ENVIRONMENTAL STUDIES 环境研究,3 [63/183],,,,,,,,
BIOGEOCHEMISTRY,2025,0168-2563/1573-515X,否,否,否,SCIE,3.7,,环境科学与生态学,2 [104/504],否,二级, ENVIRONMENTAL SCIENCES 环境科学,3 [94/357]," GEOSCIENCES, MULTIDISCIPLINARY 地球科学：综合",3 [63/258],,,,,,,,
JOURNAL OF AEROSOL SCIENCE,2025,0021-8502/1879-1964,否,否,否,SCIE,2.9,,环境科学与生态学,2 [105/504],否,二级," ENGINEERING, CHEMICAL 工程：化工",2 [34/169]," ENGINEERING, MECHANICAL 工程：机械",2 [32/181], ENVIRONMENTAL SCIENCES 环境科学,3 [96/357], METEOROLOGY & ATMOSPHERIC SCIENCES 气象与大气科学,3 [32/109],,,,
ENVIRONMENTAL REVIEWS,2025,1208-6053/1181-8700,是,否,否,SCIE,5.1,,环境科学与生态学,2 [106/504],否,二级, ENVIRONMENTAL SCIENCES 环境科学,3 [97/357],,,,,,,,,,
Carbon Capture Science & Technology,2025,2772-6568/2772-6568,否,否,是,ESCI,10.5,,环境科学与生态学,2 [107/504],否,二级," ENGINEERING, CHEMICAL 工程：化工",2 [35/169]," ENGINEERING, ENVIRONMENTAL 工程：环境",3 [21/80], GREEN & SUSTAINABLE SCIENCE & TECHNOLOGY 绿色可持续发展技术,3 [32/91],,,,,,
ECOLOGICAL ENGINEERING,2025,0925-8574/1872-6992,否,否,否,SCIE,4.1,,环境科学与生态学,2 [108/504],否,二级, ECOLOGY 生态学,3 [59/196]," ENGINEERING, ENVIRONMENTAL 工程：环境",3 [22/80], ENVIRONMENTAL SCIENCES 环境科学,3 [98/357],,,,,,
BIOLOGICAL INVASIONS,2025,1387-3547/1573-1464,否,否,否,SCIE,2.6,,环境科学与生态学,2 [109/504],否,二级, BIODIVERSITY CONSERVATION 生物多样性保护,3 [18/75], ECOLOGY 生态学,3 [60/196],,,,,,,,
BIODIVERSITY AND CONSERVATION,2025,0960-3115/1572-9710,否,否,否,SCIE,3.1,,环境科学与生态学,2 [110/504],否,二级, BIODIVERSITY CONSERVATION 生物多样性保护,3 [19/75], ECOLOGY 生态学,3 [61/196], ENVIRONMENTAL SCIENCES 环境科学,3 [100/357],,,,,,
Groundwater for Sustainable Development,2025,2352-801X/2352-801X,否,否,否,ESCI,5.6,,环境科学与生态学,2 [111/504],否,二级, WATER RESOURCES 水资源,2 [19/124]," ENGINEERING, ENVIRONMENTAL 工程：环境",3 [24/80], ENVIRONMENTAL SCIENCES 环境科学,3 [101/357],,,,,,
WATER RESOURCES MANAGEMENT,2025,0920-4741/1573-1650,否,否,否,SCIE,4.7,,环境科学与生态学,2 [112/504],否,二级," ENGINEERING, CIVIL 工程：土木",2 [35/180], WATER RESOURCES 水资源,2 [20/124],,,,,,,,
Carbon Resources Conversion,2025,2588-9133/2588-9133,否,否,是,ESCI,7.5,中国SCI期刊支持计划,环境科学与生态学,2 [113/504],否,二级, ENERGY & FUELS 能源与燃料,2 [39/171]," ENGINEERING, CHEMICAL 工程：化工",2 [39/169],,,,,,,,
International Journal of Sediment Research,2025,1001-6279/1001-6279,否,是,是,SCIE,3.7,中国SCI期刊支持计划,环境科学与生态学,2 [114/504],否,二级, ENVIRONMENTAL SCIENCES 环境科学,2 [87/357], WATER RESOURCES 水资源,2 [23/124],,,,,,,,
Emerging Contaminants,2025,2405-6650/2405-6642,否,否,是,ESCI,6.9,中国SCI期刊支持计划,环境科学与生态学,2 [115/504],否,二级, ENVIRONMENTAL SCIENCES 环境科学,2 [88/357],,,,,,,,,,
Ecosystem Health and Sustainability,2025,2096-4129/2332-8878,否,否,是,SCIE,3.4,中国SCI期刊支持计划,环境科学与生态学,2 [116/504],否,二级, ECOLOGY 生态学,2 [50/196], ENVIRONMENTAL SCIENCES 环境科学,2 [90/357],,,,,,,,
INDOOR AIR,2025,0905-6947/1600-0668,否,是,是,SCIE,4.3,,环境科学与生态学,3 [117/504],否,二级, CONSTRUCTION & BUILDING TECHNOLOGY 结构与建筑技术,2 [17/91]," ENGINEERING, ENVIRONMENTAL 工程：环境",3 [25/80]," PUBLIC, ENVIRONMENTAL & OCCUPATIONAL HEALTH 公共卫生、环境卫生与职业卫生",3 [92/404],,,,,,
ECOSYSTEMS,2025,1432-9840/1435-0629,否,否,否,SCIE,3.3,,环境科学与生态学,3 [118/504],否,二级, ECOLOGY 生态学,3 [62/196],,,,,,,,,,
Applied Water Science,2025,2190-5487/2190-5495,否,否,是,SCIE,5.7,,环境科学与生态学,3 [119/504],否,二级, WATER RESOURCES 水资源,2 [21/124],,,,,,,,,,
Water Alternatives-An Interdisciplinary Journal on Water Politics and Development,2025,1965-0175/1965-0175,否,否,是,SSCI;SCIE,3.6,,环境科学与生态学,3 [120/504],否,二级, WATER RESOURCES 水资源,2 [22/124], ENVIRONMENTAL STUDIES 环境研究,3 [65/183],,,,,,,,
INTERNATIONAL BIODETERIORATION & BIODEGRADATION,2025,0964-8305/1879-0208,否,否,否,SCIE,4.1,,环境科学与生态学,3 [121/504],否,二级, BIOTECHNOLOGY & APPLIED MICROBIOLOGY 生物工程与应用微生物,2 [36/174], ENVIRONMENTAL SCIENCES 环境科学,3 [102/357],,,,,,,,
Endangered Species Research,2025,1863-5407/1613-4796,否,否,是,SCIE,2.9,,环境科学与生态学,3 [122/504],否,二级, BIODIVERSITY CONSERVATION 生物多样性保护,3 [21/75],,,,,,,,,,
Environmental Sciences Europe,2025,2190-4707/2190-4715,否,否,是,SCIE,6,,环境科学与生态学,3 [123/504],否,二级, ENVIRONMENTAL SCIENCES 环境科学,3 [104/357],,,,,,,,,,
Conservation Science and Practice,2025,2578-4854/2578-4854,否,是,是,SCIE,2.8,,环境科学与生态学,3 [124/504],否,二级, BIODIVERSITY CONSERVATION 生物多样性保护,3 [22/75],,,,,,,,,,
Ecosphere,2025,2150-8925/2150-8925,否,否,是,SCIE,2.9,,环境科学与生态学,3 [125/504],否,二级, ECOLOGY 生态学,3 [64/196],,,,,,,,,,
JOURNAL OF CHEMICAL ECOLOGY,2025,0098-0331/1573-1561,否,否,否,SCIE,1.8,,环境科学与生态学,3 [126/504],否,二级, BIOCHEMISTRY & MOLECULAR BIOLOGY 生化与分子生物学,3 [90/310], ECOLOGY 生态学,3 [66/196],,,,,,,,
INTERNATIONAL JOURNAL OF LIFE CYCLE ASSESSMENT,2025,0948-3349/1614-7502,否,否,否,SCIE,5.4,,环境科学与生态学,3 [127/504],否,二级," ENGINEERING, ENVIRONMENTAL 工程：环境",3 [27/80], ENVIRONMENTAL SCIENCES 环境科学,3 [107/357],,,,,,,,
Current Opinion in Environmental Science & Health,2025,2468-5844/2468-5844,否,否,否,ESCI,6.6,,环境科学与生态学,3 [128/504],否,二级, ENVIRONMENTAL SCIENCES 环境科学,3 [108/357],,,,,,,,,,
Journal of Geophysical Research-Biogeosciences,2025,2169-8953/2169-8961,否,否,否,SCIE,3.5,,环境科学与生态学,3 [129/504],否,二级, ENVIRONMENTAL SCIENCES 环境科学,3 [109/357]," GEOSCIENCES, MULTIDISCIPLINARY 地球科学：综合",3 [78/258],,,,,,,,
SYSTEMATICS AND BIODIVERSITY,2025,1477-2000/1478-0933,否,否,否,SCIE,2,,环境科学与生态学,3 [130/504],否,二级, BIODIVERSITY CONSERVATION 生物多样性保护,3 [23/75],,,,,,,,,,
ACS ES&T Engineering,2025,2690-0645/2690-0645,否,否,否,ESCI,6.7,,环境科学与生态学,3 [131/504],否,二级," ENGINEERING, ENVIRONMENTAL 工程：环境",3 [29/80],,,,,,,,,,
Journal of Integrative Environmental Sciences,2025,1943-815X/1943-8168,否,否,是,SCIE,3.5,,环境科学与生态学,3 [132/504],否,二级, ENVIRONMENTAL SCIENCES 环境科学,3 [110/357],,,,,,,,,,
Conservation Physiology,2025,2051-1434/2051-1434,否,否,是,SCIE,2.5,,环境科学与生态学,3 [133/504],否,二级, PHYSIOLOGY 生理学,2 [21/84], BIODIVERSITY CONSERVATION 生物多样性保护,3 [24/75], ECOLOGY 生态学,3 [67/196], ENVIRONMENTAL SCIENCES 环境科学,3 [111/357],,,,
COMPARATIVE BIOCHEMISTRY AND PHYSIOLOGY C-TOXICOLOGY & PHARMACOLOGY,2025,1532-0456/1878-1659,否,否,否,SCIE,4.3,,环境科学与生态学,3 [134/504],否,二级, TOXICOLOGY 毒理学,2 [20/106], ZOOLOGY 动物学,2 [20/179], BIOCHEMISTRY & MOLECULAR BIOLOGY 生化与分子生物学,3 [96/310], ENDOCRINOLOGY & METABOLISM 内分泌学与代谢,3 [73/184],,,,
OECOLOGIA,2025,0029-8549/1432-1939,否,否,否,SCIE,2.3,,环境科学与生态学,3 [135/504],否,二级, ECOLOGY 生态学,3 [68/196],,,,,,,,,,
BMC Ecology and Evolution,2025,2730-7182/2730-7182,否,否,否,SCIE,2.6,,环境科学与生态学,3 [136/504],否,二级, ECOLOGY 生态学,3 [69/196], GENETICS & HEREDITY 遗传学,3 [65/190], EVOLUTIONARY BIOLOGY 进化生物学,4 [29/52],,,,,,
Current Research in Environmental Sustainability,2025,2666-0490/2666-0490,否,否,是,ESCI,3.8,,环境科学与生态学,3 [137/504],否,二级, ENVIRONMENTAL SCIENCES 环境科学,3 [112/357], ENVIRONMENTAL STUDIES 环境研究,3 [77/183],,,,,,,,
INTERNATIONAL JOURNAL OF SUSTAINABLE DEVELOPMENT AND WORLD ECOLOGY,2025,1350-4509/1745-2627,否,否,否,SCIE,7.7,,环境科学与生态学,3 [138/504],否,二级, ECOLOGY 生态学,3 [70/196], GREEN & SUSTAINABLE SCIENCE & TECHNOLOGY 绿色可持续发展技术,4 [40/91],,,,,,,,
AQUATIC CONSERVATION-MARINE AND FRESHWATER ECOSYSTEMS,2025,1052-7613/1099-0755,否,否,否,SCIE,2.2,,环境科学与生态学,3 [139/504],否,二级, MARINE & FRESHWATER BIOLOGY 海洋与淡水生物学,1 [10/118], WATER RESOURCES 水资源,2 [26/124], ENVIRONMENTAL SCIENCES 环境科学,3 [113/357],,,,,,
STOCHASTIC ENVIRONMENTAL RESEARCH AND RISK ASSESSMENT,2025,1436-3240/1436-3259,否,否,否,SCIE,3.6,,环境科学与生态学,3 [140/504],否,二级, STATISTICS & PROBABILITY 统计学与概率论,2 [31/166], WATER RESOURCES 水资源,2 [27/124]," ENGINEERING, CIVIL 工程：土木",3 [46/180]," ENGINEERING, ENVIRONMENTAL 工程：环境",3 [30/80], ENVIRONMENTAL SCIENCES 环境科学,3 [115/357],,
ATMOSPHERIC ENVIRONMENT,2025,1352-2310/1873-2844,否,否,否,SCIE,3.7,,环境科学与生态学,3 [141/504],否,二级, ENVIRONMENTAL SCIENCES 环境科学,3 [116/357], METEOROLOGY & ATMOSPHERIC SCIENCES 气象与大气科学,3 [37/109],,,,,,,,
MARINE ENVIRONMENTAL RESEARCH,2025,0141-1136/1879-0291,否,否,否,SCIE,3.2,,环境科学与生态学,3 [142/504],否,二级, MARINE & FRESHWATER BIOLOGY 海洋与淡水生物学,2 [13/118], TOXICOLOGY 毒理学,2 [23/106], ENVIRONMENTAL SCIENCES 环境科学,3 [118/357],,,,,,
Journal of Hazardous Materials Letters,2025,2666-9110/2666-9110,否,否,是,ESCI,8.1,,环境科学与生态学,3 [143/504],否,二级," ENGINEERING, ENVIRONMENTAL 工程：环境",3 [31/80], ENVIRONMENTAL SCIENCES 环境科学,3 [119/357],,,,,,,,
AQUATIC TOXICOLOGY,2025,0166-445X/1879-1514,否,否,否,SCIE,4.3,,环境科学与生态学,3 [144/504],否,二级, MARINE & FRESHWATER BIOLOGY 海洋与淡水生物学,2 [14/118], TOXICOLOGY 毒理学,2 [25/106],,,,,,,,
Animal Biotelemetry,2025,2050-3385/2050-3385,否,否,是,SCIE,2.5,,环境科学与生态学,3 [145/504],否,二级, MARINE & FRESHWATER BIOLOGY 海洋与淡水生物学,2 [15/118], BIODIVERSITY CONSERVATION 生物多样性保护,3 [25/75], ECOLOGY 生态学,3 [72/196],,,,,,
Environmental Toxicology and Pharmacology,2025,1382-6689/1872-7077,否,否,否,SCIE,4.2,,环境科学与生态学,3 [146/504],否,二级, TOXICOLOGY 毒理学,2 [27/106], ENVIRONMENTAL SCIENCES 环境科学,3 [121/357], PHARMACOLOGY & PHARMACY 药学,3 [104/350],,,,,,
Atmospheric Environment-X,2025,2590-1621/2590-1621,否,否,是,ESCI,3.4,,环境科学与生态学,3 [147/504],否,二级, ENVIRONMENTAL SCIENCES 环境科学,3 [123/357], METEOROLOGY & ATMOSPHERIC SCIENCES 气象与大气科学,3 [39/109],,,,,,,,
Elementa-Science of the Anthropocene,2025,2325-1026/2325-1026,否,否,是,SCIE,4.5,,环境科学与生态学,3 [148/504],否,二级, ENVIRONMENTAL SCIENCES 环境科学,3 [125/357], METEOROLOGY & ATMOSPHERIC SCIENCES 气象与大气科学,3 [41/109],,,,,,,,
Resources Conservation & Recycling Advances,2025,2667-3789/2667-3789,否,否,是,ESCI,6.4,,环境科学与生态学,3 [149/504],否,二级, ENVIRONMENTAL SCIENCES 环境科学,3 [126/357],,,,,,,,,,
JOURNAL OF WATER RESOURCES PLANNING AND MANAGEMENT,2025,0733-9496/1943-5452,否,否,否,SCIE,2.7,,环境科学与生态学,3 [150/504],否,二级," ENGINEERING, CIVIL 工程：土木",3 [49/180], WATER RESOURCES 水资源,3 [29/124],,,,,,,,
Land,2025,2073-445X/2073-445X,否,否,是,SSCI,3.2,,环境科学与生态学,3 [151/504],否,二级, ENVIRONMENTAL STUDIES 环境研究,4 [90/183],,,,,,,,,,
MARINE ECOLOGY PROGRESS SERIES,2025,0171-8630/1616-1599,否,否,否,SCIE,2.1,,环境科学与生态学,3 [152/504],否,二级, MARINE & FRESHWATER BIOLOGY 海洋与淡水生物学,2 [17/118], ECOLOGY 生态学,3 [76/196], OCEANOGRAPHY 海洋学,3 [22/66],,,,,,
Cleaner Engineering and Technology,2025,2666-7908/2666-7908,否,否,是,ESCI,6.5,,环境科学与生态学,3 [153/504],否,二级," ENGINEERING, ENVIRONMENTAL 工程：环境",3 [33/80], ENVIRONMENTAL SCIENCES 环境科学,3 [130/357], GREEN & SUSTAINABLE SCIENCE & TECHNOLOGY 绿色可持续发展技术,4 [44/91],,,,,,
Sustainable Environment Research,2025,2468-2039/2468-2039,否,否,是,SCIE,4.8,,环境科学与生态学,3 [154/504],否,二级," ENGINEERING, ENVIRONMENTAL 工程：环境",3 [34/80], ENVIRONMENTAL SCIENCES 环境科学,3 [132/357], GREEN & SUSTAINABLE SCIENCE & TECHNOLOGY 绿色可持续发展技术,4 [45/91],,,,,,
Atmospheric Pollution Research,2025,1309-1042/1309-1042,否,否,否,SCIE,3.5,,环境科学与生态学,3 [155/504],否,二级, ENVIRONMENTAL SCIENCES 环境科学,3 [133/357],,,,,,,,,,
JOURNAL OF WILDLIFE MANAGEMENT,2025,0022-541X/1937-2817,否,否,否,SCIE,1.9,,环境科学与生态学,3 [156/504],否,二级, ZOOLOGY 动物学,2 [26/179], ECOLOGY 生态学,3 [77/196],,,,,,,,
JOURNAL OF INDUSTRIAL ECOLOGY,2025,1088-1980/1530-9290,否,否,否,SCIE,5.4,,环境科学与生态学,3 [157/504],否,二级, ENVIRONMENTAL SCIENCES 环境科学,3 [136/357]," ENGINEERING, ENVIRONMENTAL 工程：环境",4 [35/80], GREEN & SUSTAINABLE SCIENCE & TECHNOLOGY 绿色可持续发展技术,4 [47/91],,,,,,
Ecological Solutions and Evidence,2025,2688-8319/2688-8319,否,否,否,ESCI,2.6,,环境科学与生态学,3 [158/504],否,二级, ECOLOGY 生态学,3 [79/196],,,,,,,,,,
JOURNAL FOR NATURE CONSERVATION,2025,1617-1381/1618-1093,否,否,否,SCIE,2.5,,环境科学与生态学,3 [159/504],否,二级, BIODIVERSITY CONSERVATION 生物多样性保护,3 [26/75], ECOLOGY 生态学,3 [80/196],,,,,,,,
Microbial Risk Analysis,2025,2352-3522/2352-3530,否,否,否,SCIE,4,,环境科学与生态学,3 [160/504],否,二级, ENVIRONMENTAL SCIENCES 环境科学,3 [137/357], FOOD SCIENCE & TECHNOLOGY 食品科技,3 [55/173], MICROBIOLOGY 微生物学,3 [69/159],,,,,,
Environmental Science-Nano,2025,2051-8153/2051-8161,否,否,否,SCIE,5.1,,环境科学与生态学,3 [161/504],否,二级," CHEMISTRY, MULTIDISCIPLINARY 化学：综合",3 [76/230], ENVIRONMENTAL SCIENCES 环境科学,3 [138/357], NANOSCIENCE & NANOTECHNOLOGY 纳米科技,3 [57/139],,,,,,
NanoImpact,2025,2452-0748/2452-0748,否,否,否,SCIE,5.5,,环境科学与生态学,3 [162/504],否,二级, ENVIRONMENTAL SCIENCES 环境科学,3 [140/357], NANOSCIENCE & NANOTECHNOLOGY 纳米科技,4 [58/139],,,,,,,,
Reviews of Environmental Contamination and Toxicology,2025,0179-5953/2197-6554,是,否,否,SCIE,6.6,,环境科学与生态学,3 [163/504],否,二级, ENVIRONMENTAL SCIENCES 环境科学,3 [141/357], TOXICOLOGY 毒理学,3 [32/106],,,,,,,,
RESTORATION ECOLOGY,2025,1061-2971/1526-100X,否,否,否,SCIE,2.7,,环境科学与生态学,3 [164/504],否,二级, ECOLOGY 生态学,3 [81/196],,,,,,,,,,
Journal of Land Use Science,2025,1747-423X/1747-4248,否,否,是,SCIE,3.3,,环境科学与生态学,3 [165/504],否,二级," AGRICULTURE, MULTIDISCIPLINARY 农业综合",3 [18/88],,,,,,,,,,
ENVIRONMENT DEVELOPMENT AND SUSTAINABILITY,2025,1387-585X/1573-2975,否,否,否,SCIE,4.2,,环境科学与生态学,3 [166/504],否,二级, ENVIRONMENTAL SCIENCES 环境科学,3 [142/357], GREEN & SUSTAINABLE SCIENCE & TECHNOLOGY 绿色可持续发展技术,4 [48/91],,,,,,,,
ENVIRONMENTAL MANAGEMENT,2025,0364-152X/1432-1009,否,否,否,SCIE,3,,环境科学与生态学,3 [167/504],否,二级, ENVIRONMENTAL SCIENCES 环境科学,3 [143/357],,,,,,,,,,
JOURNAL OF ENVIRONMENTAL RADIOACTIVITY,2025,0265-931X/1879-1700,否,否,否,SCIE,2.1,,环境科学与生态学,3 [168/504],否,二级, ENVIRONMENTAL SCIENCES 环境科学,3 [144/357],,,,,,,,,,
Frontiers in Ecology and Evolution,2025,2296-701X/2296-701X,否,否,是,SCIE,2.6,,环境科学与生态学,3 [169/504],否,二级, ECOLOGY 生态学,3 [82/196],,,,,,,,,,
JOURNAL OF CONTAMINANT HYDROLOGY,2025,0169-7722/1873-6009,否,否,否,SCIE,4.4,,环境科学与生态学,3 [170/504],否,二级, ENVIRONMENTAL SCIENCES 环境科学,3 [145/357]," GEOSCIENCES, MULTIDISCIPLINARY 地球科学：综合",3 [105/258], WATER RESOURCES 水资源,3 [32/124],,,,,,
MEDITERRANEAN MARINE SCIENCE,2025,1108-393X,否,否,是,SCIE,2.3,,环境科学与生态学,3 [171/504],否,二级, MARINE & FRESHWATER BIOLOGY 海洋与淡水生物学,2 [24/118],,,,,,,,,,
Climate and Development,2025,1756-5529/1756-5537,否,否,否,SSCI,3.4,,环境科学与生态学,3 [172/504],否,二级, DEVELOPMENT STUDIES 发展研究,4 [32/63], ENVIRONMENTAL STUDIES 环境研究,4 [98/183],,,,,,,,
Fire Ecology,2025,1933-9747/1933-9747,否,否,是,SCIE,5,,环境科学与生态学,3 [173/504],否,二级, FORESTRY 林学,2 [15/89], ECOLOGY 生态学,3 [84/196],,,,,,,,
Journal of Flood Risk Management,2025,1753-318X/1753-318X,否,否,是,SCIE,3.5,,环境科学与生态学,3 [174/504],否,二级, ENVIRONMENTAL SCIENCES 环境科学,3 [147/357], WATER RESOURCES 水资源,3 [33/124],,,,,,,,
Water Science and Engineering,2025,1674-2370/2405-8106,否,否,是,ESCI,4.3,,环境科学与生态学,3 [175/504],否,二级, WATER RESOURCES 水资源,3 [35/124],,,,,,,,,,
International Journal of Climate Change Strategies and Management,2025,1756-8692/1756-8706,否,否,是,SSCI,3.5,,环境科学与生态学,3 [176/504],否,二级, ENVIRONMENTAL STUDIES 环境研究,4 [102/183],,,,,,,,,,
Aquatic Invasions,2025,1798-6540/1818-5487,否,否,是,SCIE,2.3,,环境科学与生态学,3 [177/504],否,二级, MARINE & FRESHWATER BIOLOGY 海洋与淡水生物学,2 [26/118], ECOLOGY 生态学,3 [86/196],,,,,,,,
Hydrology,2025,2306-5338/2306-5338,否,否,是,ESCI,3.2,,环境科学与生态学,3 [178/504],否,二级, WATER RESOURCES 水资源,3 [36/124],,,,,,,,,,
URBAN ECOSYSTEMS,2025,1083-8155/1573-1642,否,否,否,SCIE,2.4,,环境科学与生态学,3 [179/504],否,二级, BIODIVERSITY CONSERVATION 生物多样性保护,3 [28/75], ECOLOGY 生态学,3 [87/196],,,,,,,,
Journal of Hydrology and Hydromechanics,2025,0042-790X/1338-4333,否,否,是,SCIE,2.4,,环境科学与生态学,3 [180/504],否,二级, WATER RESOURCES 水资源,3 [37/124],,,,,,,,,,
Sustainability,2025,2071-1050/2071-1050,否,否,是,SSCI;SCIE,3.3,Mega-Journal,环境科学与生态学,3 [181/504],否,二级, ENVIRONMENTAL SCIENCES 环境科学,3 [152/357], ENVIRONMENTAL STUDIES 环境研究,4 [107/183], GREEN & SUSTAINABLE SCIENCE & TECHNOLOGY 绿色可持续发展技术,4 [50/91],,,,,,
Rangeland Ecology & Management,2025,1550-7424/1551-5028,否,否,否,SCIE,2.4,,环境科学与生态学,3 [182/504],否,二级, ECOLOGY 生态学,3 [88/196], ENVIRONMENTAL SCIENCES 环境科学,3 [153/357],,,,,,,,
Journal of Hydrology X,2025,2589-9155/2589-9155,否,否,是,ESCI,3.1,,环境科学与生态学,3 [183/504],否,二级, WATER RESOURCES 水资源,3 [39/124]," GEOSCIENCES, MULTIDISCIPLINARY 地球科学：综合",4 [116/258],,,,,,,,
Journal of Ecohydraulics,2025,2470-5357/2470-5365,否,否,否,ESCI,1.8,,环境科学与生态学,3 [184/504],否,二级, ENVIRONMENTAL SCIENCES 环境科学,3 [154/357], WATER RESOURCES 水资源,3 [40/124],,,,,,,,
ENVIRONMETRICS,2025,1180-4009/1099-095X,否,否,否,SCIE,1.7,,环境科学与生态学,3 [185/504],否,二级, ENVIRONMENTAL SCIENCES 环境科学,3 [155/357]," MATHEMATICS, INTERDISCIPLINARY APPLICATIONS 数学跨学科应用",3 [50/136], STATISTICS & PROBABILITY 统计学与概率论,3 [52/166],,,,,,
Resources-Basel,2025,2079-9276/2079-9276,否,否,是,ESCI,3.2,,环境科学与生态学,3 [186/504],否,二级, ENVIRONMENTAL SCIENCES 环境科学,3 [156/357], GREEN & SUSTAINABLE SCIENCE & TECHNOLOGY 绿色可持续发展技术,4 [51/91],,,,,,,,
Smart and Sustainable Built Environment,2025,2046-6099/2046-6102,否,否,否,ESCI,4.6,,环境科学与生态学,3 [187/504],否,二级, GREEN & SUSTAINABLE SCIENCE & TECHNOLOGY 绿色可持续发展技术,4 [52/91],,,,,,,,,,
JOURNAL OF GREAT LAKES RESEARCH,2025,0380-1330/0380-1330,否,否,否,SCIE,2.5,,环境科学与生态学,3 [188/504],否,二级, LIMNOLOGY 湖沼学,2 [4/21], ENVIRONMENTAL SCIENCES 环境科学,3 [157/357], MARINE & FRESHWATER BIOLOGY 海洋与淡水生物学,3 [31/118],,,,,,
AQUATIC SCIENCES,2025,1015-1621/1420-9055,否,否,否,SCIE,1.8,,环境科学与生态学,3 [189/504],否,二级, LIMNOLOGY 湖沼学,2 [5/21], ENVIRONMENTAL SCIENCES 环境科学,3 [158/357], MARINE & FRESHWATER BIOLOGY 海洋与淡水生物学,3 [32/118],,,,,,
Journal of Hazardous Materials Advances,2025,2772-4166/2772-4166,否,否,是,ESCI,7.7,,环境科学与生态学,3 [190/504],否,二级, ENVIRONMENTAL SCIENCES 环境科学,3 [159/357]," ENGINEERING, ENVIRONMENTAL 工程：环境",4 [38/80],,,,,,,,
Australasian Journal of Water Resources,2025,1324-1583/2204-227X,否,否,否,ESCI,2.2,,环境科学与生态学,3 [191/504],否,二级, WATER RESOURCES 水资源,3 [41/124],,,,,,,,,,
Toxics,2025,2305-6304/2305-6304,否,否,是,SCIE,4.1,,环境科学与生态学,3 [192/504],否,二级, ENVIRONMENTAL SCIENCES 环境科学,3 [161/357], TOXICOLOGY 毒理学,3 [45/106],,,,,,,,
Food Webs,2025,2352-2496/2352-2496,否,否,否,SCIE,1.5,,环境科学与生态学,3 [193/504],否,二级, BIODIVERSITY CONSERVATION 生物多样性保护,3 [29/75], ECOLOGY 生态学,3 [90/196],,,,,,,,
Journal of Arid Environments,2025,0140-1963/1095-922X,否,否,否,SCIE,2.5,,环境科学与生态学,3 [194/504],否,二级, ECOLOGY 生态学,3 [91/196], ENVIRONMENTAL SCIENCES 环境科学,3 [163/357],,,,,,,,
Environmental Processes-An International Journal,2025,2198-7491/2198-7505,否,否,否,ESCI,4,,环境科学与生态学,3 [195/504],否,二级," ENGINEERING, ENVIRONMENTAL 工程：环境",4 [39/80],,,,,,,,,,
BioInvasions Records,2025,2242-1300/2242-1300,否,否,是,SCIE,1.4,,环境科学与生态学,3 [196/504],否,二级, BIODIVERSITY CONSERVATION 生物多样性保护,3 [30/75],,,,,,,,,,
Local Environment,2025,1354-9839/1469-6711,否,否,否,SSCI,2.8,,环境科学与生态学,3 [197/504],否,二级, ENVIRONMENTAL STUDIES 环境研究,4 [113/183], GEOGRAPHY 地理学,4 [72/171], GREEN & SUSTAINABLE SCIENCE & TECHNOLOGY 绿色可持续发展技术,4 [54/91], REGIONAL & URBAN PLANNING 区域与城市规划,4 [38/54], URBAN STUDIES 城市研究,4 [38/77],,
Water Reuse,2025,2709-6092/2709-6106,否,否,否,SCIE,3.3,,环境科学与生态学,3 [198/504],否,二级, WATER RESOURCES 水资源,3 [44/124]," ENGINEERING, ENVIRONMENTAL 工程：环境",4 [40/80],,,,,,,,
Inland Waters,2025,2044-2041/2044-205X,否,否,否,SCIE,2.3,,环境科学与生态学,3 [199/504],否,二级, LIMNOLOGY 湖沼学,2 [6/21], MARINE & FRESHWATER BIOLOGY 海洋与淡水生物学,3 [35/118],,,,,,,,
HUMAN DIMENSIONS OF WILDLIFE,2025,1087-1209/1533-158X,否,否,否,SCIE,1.2,,环境科学与生态学,3 [200/504],否,二级, BIODIVERSITY CONSERVATION 生物多样性保护,3 [32/75], ENVIRONMENTAL SCIENCES 环境科学,3 [165/357],,,,,,,,
ORYX,2025,0030-6053/1365-3008,否,否,否,SCIE,2.1,,环境科学与生态学,3 [201/504],否,二级, BIODIVERSITY CONSERVATION 生物多样性保护,3 [33/75], ECOLOGY 生态学,4 [95/196],,,,,,,,
Frontiers in Climate,2025,2624-9553/2624-9553,否,否,是,ESCI,4.1,,环境科学与生态学,3 [202/504],否,二级, ENVIRONMENTAL SCIENCES 环境科学,3 [166/357], ENVIRONMENTAL STUDIES 环境研究,4 [117/183],,,,,,,,
Estuaries and Coasts,2025,1559-2723/1559-2731,否,否,否,SCIE,2.3,,环境科学与生态学,3 [203/504],否,二级, ENVIRONMENTAL SCIENCES 环境科学,3 [167/357], MARINE & FRESHWATER BIOLOGY 海洋与淡水生物学,3 [37/118],,,,,,,,
Ecological Complexity,2025,1476-945X/1476-9840,否,否,否,SCIE,3.4,,环境科学与生态学,3 [204/504],否,二级, ECOLOGY 生态学,4 [96/196],,,,,,,,,,
Nature Conservation-Bulgaria,2025,1314-6947/1314-3301,否,否,是,SCIE,1.7,,环境科学与生态学,3 [205/504],否,二级, BIODIVERSITY CONSERVATION 生物多样性保护,3 [34/75],,,,,,,,,,
ECOLOGICAL MODELLING,2025,0304-3800/1872-7026,否,否,否,SCIE,3.2,,环境科学与生态学,3 [206/504],否,二级, ECOLOGY 生态学,4 [98/196],,,,,,,,,,
Environmental Evidence,2025,2047-2382/2047-2382,否,否,是,SCIE,5.2,,环境科学与生态学,3 [207/504],否,二级, ENVIRONMENTAL SCIENCES 环境科学,3 [169/357],,,,,,,,,,
Environmental Science-Atmospheres,2025,2634-3606/2634-3606,否,否,是,ESCI,3.5,,环境科学与生态学,3 [208/504],否,二级, ENVIRONMENTAL SCIENCES 环境科学,3 [170/357], METEOROLOGY & ATMOSPHERIC SCIENCES 气象与大气科学,3 [55/109],,,,,,,,
Fungal Ecology,2025,1754-5048/1878-0083,否,否,否,SCIE,2.2,,环境科学与生态学,3 [209/504],否,二级, ECOLOGY 生态学,4 [99/196], MYCOLOGY 真菌学,4 [19/32],,,,,,,,
WEB ECOLOGY,2025,2193-3081/1399-1183,否,否,是,SCIE,2.4,,环境科学与生态学,3 [210/504],否,二级, ENVIRONMENTAL SCIENCES 环境科学,3 [172/357], ECOLOGY 生态学,4 [100/196],,,,,,,,
ACS ES&T Water,2025,2690-0637/2690-0637,否,否,否,ESCI,4.3,,环境科学与生态学,3 [211/504],否,二级, ENVIRONMENTAL SCIENCES 环境科学,3 [173/357], WATER RESOURCES 水资源,3 [46/124],,,,,,,,
CONSERVATION GENETICS,2025,1566-0621/1572-9737,否,否,否,SCIE,1.7,,环境科学与生态学,3 [212/504],否,二级, BIODIVERSITY CONSERVATION 生物多样性保护,4 [35/75], GENETICS & HEREDITY 遗传学,4 [96/190],,,,,,,,
JOURNAL OF VEGETATION SCIENCE,2025,1100-9233/1654-1103,否,否,否,SCIE,2.7,,环境科学与生态学,3 [213/504],否,二级, FORESTRY 林学,3 [22/89], PLANT SCIENCES 植物科学,3 [103/265], ECOLOGY 生态学,4 [101/196],,,,,,
BIOTROPICA,2025,0006-3606/1744-7429,否,否,否,SCIE,1.7,,环境科学与生态学,3 [214/504],否,二级, ECOLOGY 生态学,4 [104/196],,,,,,,,,,
JOURNAL OF PLANKTON RESEARCH,2025,0142-7873/1464-3774,否,否,否,SCIE,2,,环境科学与生态学,3 [215/504],否,二级, MARINE & FRESHWATER BIOLOGY 海洋与淡水生物学,3 [43/118], OCEANOGRAPHY 海洋学,3 [32/66],,,,,,,,
SAR AND QSAR IN ENVIRONMENTAL RESEARCH,2025,1062-936X/1029-046X,否,否,否,SCIE,2.4,,环境科学与生态学,3 [216/504],否,二级," CHEMISTRY, MULTIDISCIPLINARY 化学：综合",3 [95/230], ENVIRONMENTAL SCIENCES 环境科学,3 [175/357], MATHEMATICAL & COMPUTATIONAL BIOLOGY 数学与计算生物学,3 [25/66], TOXICOLOGY 毒理学,3 [51/106]," COMPUTER SCIENCE, INTERDISCIPLINARY APPLICATIONS 计算机：跨学科应用",4 [93/172],,
LIMNOLOGICA,2025,0075-9511/1873-5851,否,否,否,SCIE,2,,环境科学与生态学,3 [217/504],否,二级, LIMNOLOGY 湖沼学,3 [8/21],,,,,,,,,,
Mitigation and Adaptation Strategies for Global Change,2025,1381-2386/1573-1596,否,否,否,SCIE,2.7,,环境科学与生态学,3 [218/504],否,二级, ENVIRONMENTAL SCIENCES 环境科学,4 [180/357],,,,,,,,,,
Biodiversity Informatics,2025,1546-9735/1546-9735,否,否,是,ESCI,5.2,,环境科学与生态学,3 [219/504],否,二级, BIODIVERSITY CONSERVATION 生物多样性保护,4 [36/75],,,,,,,,,,
Environmental Science-Processes & Impacts,2025,2050-7887/2050-7895,否,否,否,SCIE,3.9,,环境科学与生态学,3 [220/504],否,二级," CHEMISTRY, ANALYTICAL 分析化学",3 [44/106], ENVIRONMENTAL SCIENCES 环境科学,4 [182/357],,,,,,,,
EcoHealth,2025,1612-9202/1612-9210,否,否,否,SCIE,2.2,,环境科学与生态学,3 [221/504],否,二级, ENVIRONMENTAL SCIENCES 环境科学,4 [184/357],,,,,,,,,,
GLOBAL JOURNAL OF ENVIRONMENTAL SCIENCE AND MANAGEMENT-GJESM,2025,2383-3572/2383-3866,否,否,是,ESCI,2.9,,环境科学与生态学,3 [222/504],否,二级, ENVIRONMENTAL SCIENCES 环境科学,4 [185/357],,,,,,,,,,
APPLIED VEGETATION SCIENCE,2025,1402-2001/1654-109X,否,否,否,SCIE,2.6,,环境科学与生态学,3 [223/504],否,二级, FORESTRY 林学,3 [25/89], PLANT SCIENCES 植物科学,3 [108/265], ECOLOGY 生态学,4 [106/196],,,,,,
World,2025,2673-4060/2673-4060,否,否,是,ESCI,1.9,,环境科学与生态学,3 [224/504],否,二级, ECONOMICS 经济学,4 [289/599], POLITICAL SCIENCE 政治学,4 [205/317]," SOCIAL SCIENCES, INTERDISCIPLINARY 社会科学：跨领域",4 [112/263],,,,,,
Ecohydrology,2025,1936-0584/1936-0592,否,否,否,SCIE,2.1,,环境科学与生态学,3 [225/504],否,二级, WATER RESOURCES 水资源,3 [51/124], ECOLOGY 生态学,4 [107/196], ENVIRONMENTAL SCIENCES 环境科学,4 [186/357],,,,,,
BIRD CONSERVATION INTERNATIONAL,2025,0959-2709/1474-0001,否,否,否,SCIE,1.5,,环境科学与生态学,3 [226/504],否,二级, ORNITHOLOGY 鸟类学,2 [6/29], BIODIVERSITY CONSERVATION 生物多样性保护,4 [37/75],,,,,,,,
EVOLUTIONARY ECOLOGY,2025,0269-7653/1573-8477,否,否,否,SCIE,2.1,,环境科学与生态学,3 [227/504],否,二级, ECOLOGY 生态学,4 [108/196], EVOLUTIONARY BIOLOGY 进化生物学,4 [42/52], GENETICS & HEREDITY 遗传学,4 [102/190],,,,,,
Environmental Earth Sciences,2025,1866-6280/1866-6299,否,否,否,SCIE,2.8,,环境科学与生态学,3 [228/504],否,二级, WATER RESOURCES 水资源,3 [52/124], ENVIRONMENTAL SCIENCES 环境科学,4 [187/357]," GEOSCIENCES, MULTIDISCIPLINARY 地球科学：综合",4 [136/258],,,,,,
Waste Disposal & Sustainable Energy,2025,2524-7980/2524-7891,否,否,否,ESCI,4.5,中国SCI期刊支持计划,环境科学与生态学,3 [229/504],否,二级, ENERGY & FUELS 能源与燃料,3 [74/171], ENVIRONMENTAL SCIENCES 环境科学,3 [177/357], GREEN & SUSTAINABLE SCIENCE & TECHNOLOGY 绿色可持续发展技术,3 [35/91],,,,,,
Journal of Arid Land,2025,1674-6767/2194-7783,否,否,否,SCIE,3.1,中国SCI期刊支持计划,环境科学与生态学,3 [230/504],否,二级, ENVIRONMENTAL SCIENCES 环境科学,3 [178/357],,,,,,,,,,
Ecological Frontiers,2025,2950-5097/2950-5097,否,否,否,ESCI,,中国SCI期刊支持计划,环境科学与生态学,3 [231/504],否,二级, ECOLOGY 生态学,3 [93/196],,,,,,,,,,
Energy Ecology and Environment,2025,2363-7692/2363-8338,否,否,否,ESCI,3.6,中国SCI期刊支持计划,环境科学与生态学,3 [232/504],否,二级, ENVIRONMENTAL SCIENCES 环境科学,3 [179/357], GREEN & SUSTAINABLE SCIENCE & TECHNOLOGY 绿色可持续发展技术,3 [36/91],,,,,,,,
Chinese Journal of Population Resources and Environment,2025,2096-9589/2325-4262,否,否,是,ESCI,4.8,中国SCI期刊支持计划,环境科学与生态学,3 [233/504],否,二级, ENVIRONMENTAL STUDIES 环境研究,3 [82/183],,,,,,,,,,
PLANT ECOLOGY,2025,1385-0237/1573-5052,否,否,否,SCIE,1.7,,环境科学与生态学,4 [234/504],否,三级, FORESTRY 林学,3 [26/89], PLANT SCIENCES 植物科学,3 [111/265], ECOLOGY 生态学,4 [109/196],,,,,,
Water,2025,2073-4441/2073-4441,否,否,是,SCIE,3,Mega-Journal,环境科学与生态学,4 [235/504],否,三级, ENVIRONMENTAL SCIENCES 环境科学,4 [189/357], WATER RESOURCES 水资源,4 [58/124],,,,,,,,
ENVIRONMENTAL MONITORING AND ASSESSMENT,2025,0167-6369/1573-2959,否,否,否,SCIE,3,,环境科学与生态学,4 [236/504],否,三级, ENVIRONMENTAL SCIENCES 环境科学,4 [190/357],,,,,,,,,,
ENVIRONMENTAL GEOCHEMISTRY AND HEALTH,2025,0269-4042/1573-2983,否,否,否,SCIE,3.8,,环境科学与生态学,4 [237/504],否,三级, WATER RESOURCES 水资源,3 [53/124]," ENGINEERING, ENVIRONMENTAL 工程：环境",4 [42/80], ENVIRONMENTAL SCIENCES 环境科学,4 [193/357]," PUBLIC, ENVIRONMENTAL & OCCUPATIONAL HEALTH 公共卫生、环境卫生与职业卫生",4 [219/404],,,,
POLAR RECORD,2025,0032-2474/1475-3057,否,否,否,SCIE,1.6,,环境科学与生态学,4 [238/504],否,三级, ECOLOGY 生态学,4 [110/196], ENVIRONMENTAL SCIENCES 环境科学,4 [194/357],,,,,,,,
Recycling,2025,2313-4321/2313-4321,否,否,是,ESCI,4.6,,环境科学与生态学,4 [239/504],否,三级, GREEN & SUSTAINABLE SCIENCE & TECHNOLOGY 绿色可持续发展技术,4 [59/91],,,,,,,,,,
Knowledge and Management of Aquatic Ecosystems,2025,1961-9502/1961-9502,否,否,是,SCIE,1.7,,环境科学与生态学,4 [240/504],否,三级, FISHERIES 渔业,3 [26/61], MARINE & FRESHWATER BIOLOGY 海洋与淡水生物学,3 [48/118],,,,,,,,
Clean Technologies and Environmental Policy,2025,1618-954X/1618-9558,否,否,否,SCIE,3.9,,环境科学与生态学,4 [241/504],否,三级," ENGINEERING, ENVIRONMENTAL 工程：环境",4 [43/80], ENVIRONMENTAL SCIENCES 环境科学,4 [195/357], GREEN & SUSTAINABLE SCIENCE & TECHNOLOGY 绿色可持续发展技术,4 [60/91],,,,,,
Hydrological Sciences Journal,2025,0262-6667/2150-3435,否,否,否,SCIE,2.5,,环境科学与生态学,4 [242/504],否,三级, WATER RESOURCES 水资源,3 [54/124],,,,,,,,,,
Exposure and Health,2025,2451-9766/2451-9685,否,否,否,SCIE,4.6,,环境科学与生态学,4 [243/504],否,三级, WATER RESOURCES 水资源,3 [55/124],,,,,,,,,,
Ethnobiology and Conservation,2025,2238-4782/2238-4782,否,否,否,ESCI,1.7,,环境科学与生态学,4 [244/504],否,三级, BIODIVERSITY CONSERVATION 生物多样性保护,4 [38/75],,,,,,,,,,
ECOHYDROLOGY & HYDROBIOLOGY,2025,1642-3593/2080-3397,否,否,否,SCIE,2.2,,环境科学与生态学,4 [245/504],否,三级, WATER RESOURCES 水资源,3 [56/124], ECOLOGY 生态学,4 [113/196],,,,,,,,
Journal of Hydro-environment Research,2025,1570-6443/1876-4444,否,否,否,SCIE,2.3,,环境科学与生态学,4 [246/504],否,三级," ENGINEERING, CIVIL 工程：土木",3 [67/180], ENVIRONMENTAL SCIENCES 环境科学,4 [196/357], WATER RESOURCES 水资源,4 [59/124],,,,,,
CHEMOECOLOGY,2025,0937-7409/1423-0445,否,否,否,SCIE,1.3,,环境科学与生态学,4 [247/504],否,三级, BIOCHEMISTRY & MOLECULAR BIOLOGY 生化与分子生物学,4 [198/310], ECOLOGY 生态学,4 [116/196],,,,,,,,
Ecological Restoration,2025,1543-4060/1543-4079,否,否,否,SCIE,1.1,,环境科学与生态学,4 [248/504],否,三级, ECOLOGY 生态学,4 [117/196],,,,,,,,,,
Environmental Research Communications,2025,2515-7620/2515-7620,否,否,是,SCIE,2.9,,环境科学与生态学,4 [249/504],否,三级, ENVIRONMENTAL SCIENCES 环境科学,4 [199/357],,,,,,,,,,
HUMAN AND ECOLOGICAL RISK ASSESSMENT,2025,1080-7039/1549-7860,否,否,否,SCIE,2.7,,环境科学与生态学,4 [250/504],否,三级, ENVIRONMENTAL SCIENCES 环境科学,4 [201/357],,,,,,,,,,
INTERNATIONAL JOURNAL OF WATER RESOURCES DEVELOPMENT,2025,0790-0627/1360-0648,否,否,否,SCIE,2.2,,环境科学与生态学,4 [251/504],否,三级, WATER RESOURCES 水资源,4 [61/124],,,,,,,,,,
ECOLOGICAL MANAGEMENT & RESTORATION,2025,1442-7001/1442-8903,否,否,否,SCIE,2.2,,环境科学与生态学,4 [252/504],否,三级, ECOLOGY 生态学,4 [118/196],,,,,,,,,,
PACIFIC CONSERVATION BIOLOGY,2025,1038-2097/2204-4604,否,否,否,ESCI,1.9,,环境科学与生态学,4 [253/504],否,三级, BIODIVERSITY CONSERVATION 生物多样性保护,4 [40/75], ECOLOGY 生态学,4 [119/196],,,,,,,,
ENVIRONMENTAL TOXICOLOGY AND CHEMISTRY,2025,0730-7268/1552-8618,否,否,否,SCIE,2.8,,环境科学与生态学,4 [254/504],否,三级, ENVIRONMENTAL SCIENCES 环境科学,4 [202/357], TOXICOLOGY 毒理学,4 [67/106],,,,,,,,
ENVIRONMENTAL CONSERVATION,2025,0376-8929/1469-4387,否,否,否,SCIE,2.6,,环境科学与生态学,4 [255/504],否,三级, BIODIVERSITY CONSERVATION 生物多样性保护,4 [41/75], ENVIRONMENTAL SCIENCES 环境科学,4 [203/357],,,,,,,,
Frontiers in Conservation Science,2025,2673-611X/2673-611X,否,否,否,ESCI,1.8,,环境科学与生态学,4 [256/504],否,三级, BIODIVERSITY CONSERVATION 生物多样性保护,4 [42/75], ECOLOGY 生态学,4 [120/196], ENVIRONMENTAL SCIENCES 环境科学,4 [204/357],,,,,,
AEROSOL SCIENCE AND TECHNOLOGY,2025,0278-6826/1521-7388,否,否,否,SCIE,2.1,,环境科学与生态学,4 [257/504],否,三级," ENGINEERING, CHEMICAL 工程：化工",3 [74/169]," ENGINEERING, MECHANICAL 工程：机械",3 [73/181], ENVIRONMENTAL SCIENCES 环境科学,4 [205/357], METEOROLOGY & ATMOSPHERIC SCIENCES 气象与大气科学,4 [66/109],,,,
JOURNAL OF THE AMERICAN WATER RESOURCES ASSOCIATION,2025,1093-474X/1752-1688,否,否,否,SCIE,2.2,,环境科学与生态学,4 [258/504],否,三级," ENGINEERING, ENVIRONMENTAL 工程：环境",4 [44/80]," GEOSCIENCES, MULTIDISCIPLINARY 地球科学：综合",4 [143/258], WATER RESOURCES 水资源,4 [62/124],,,,,,
Blue-Green Systems,2025,2617-4782/2617-4782,否,否,否,ESCI,2.1,,环境科学与生态学,4 [259/504],否,三级, ENVIRONMENTAL SCIENCES 环境科学,4 [206/357], WATER RESOURCES 水资源,4 [63/124],,,,,,,,
Hydrology Research,2025,1998-9563/2224-7955,否,否,是,SCIE,2.4,,环境科学与生态学,4 [260/504],否,三级, WATER RESOURCES 水资源,4 [64/124],,,,,,,,,,
Disaster Prevention and Management,2025,0965-3562/1758-6100,否,否,否,SSCI,2,,环境科学与生态学,4 [261/504],否,三级, ENVIRONMENTAL STUDIES 环境研究,4 [128/183], MANAGEMENT 管理学,4 [260/404]," PUBLIC, ENVIRONMENTAL & OCCUPATIONAL HEALTH 公共卫生、环境卫生与职业卫生",4 [244/404],,,,,,
Frontiers in Water,2025,2624-9375/2624-9375,否,否,是,ESCI,2.8,,环境科学与生态学,4 [262/504],否,三级, WATER RESOURCES 水资源,4 [65/124],,,,,,,,,,
Journal of Water and Climate Change,2025,2040-2244/2408-9354,否,否,是,SCIE,3.1,,环境科学与生态学,4 [263/504],否,三级, WATER RESOURCES 水资源,4 [66/124],,,,,,,,,,
AQUATIC ECOLOGY,2025,1386-2588/1573-5125,否,否,否,SCIE,1.8,,环境科学与生态学,4 [264/504],否,三级, LIMNOLOGY 湖沼学,3 [9/21], MARINE & FRESHWATER BIOLOGY 海洋与淡水生物学,3 [52/118], ECOLOGY 生态学,4 [121/196],,,,,,
JOURNAL OF WATER AND HEALTH,2025,1477-8920/1996-7829,否,否,否,SCIE,2.4,,环境科学与生态学,4 [265/504],否,三级, ENVIRONMENTAL SCIENCES 环境科学,4 [208/357], MICROBIOLOGY 微生物学,4 [103/159],,,,,,,,
Carbon Management,2025,1758-3004/1758-3012,否,否,是,SSCI;SCIE,3.2,,环境科学与生态学,4 [266/504],否,三级, ENVIRONMENTAL SCIENCES 环境科学,4 [209/357], ENVIRONMENTAL STUDIES 环境研究,4 [130/183],,,,,,,,
Avian Conservation and Ecology,2025,1712-6568,否,否,是,SCIE,1.1,,环境科学与生态学,4 [267/504],否,三级, ORNITHOLOGY 鸟类学,3 [9/29], BIODIVERSITY CONSERVATION 生物多样性保护,4 [43/75],,,,,,,,
Environments,2025,2076-3298/2076-3298,否,否,是,ESCI,3.7,,环境科学与生态学,4 [268/504],否,三级, ENVIRONMENTAL SCIENCES 环境科学,4 [211/357],,,,,,,,,,
RADIATION AND ENVIRONMENTAL BIOPHYSICS,2025,0301-634X/1432-2099,否,否,否,SCIE,2.3,,环境科学与生态学,4 [269/504],否,三级, BIOLOGY 生物学,4 [56/109], BIOPHYSICS 生物物理,4 [47/76], ENVIRONMENTAL SCIENCES 环境科学,4 [212/357]," RADIOLOGY, NUCLEAR MEDICINE & MEDICAL IMAGING 核医学",4 [120/206],,,,
Modeling Earth Systems and Environment,2025,2363-6203/2363-6211,否,否,否,ESCI,2.9,,环境科学与生态学,4 [270/504],否,三级, ENVIRONMENTAL SCIENCES 环境科学,4 [213/357],,,,,,,,,,
Marine Biodiversity,2025,1867-1616/1867-1624,否,否,否,SCIE,1.5,,环境科学与生态学,4 [271/504],否,三级, MARINE & FRESHWATER BIOLOGY 海洋与淡水生物学,3 [53/118], BIODIVERSITY CONSERVATION 生物多样性保护,4 [44/75],,,,,,,,
Frontiers in Environmental Science,2025,2296-665X/2296-665X,否,否,是,SCIE,3.7,,环境科学与生态学,4 [272/504],否,三级, ENVIRONMENTAL SCIENCES 环境科学,4 [215/357],,,,,,,,,,
Environmental Science-Advances,2025,2754-7000/2754-7000,否,否,是,ESCI,4.4,,环境科学与生态学,4 [273/504],否,三级," ENGINEERING, ENVIRONMENTAL 工程：环境",4 [46/80], ENVIRONMENTAL SCIENCES 环境科学,4 [216/357],,,,,,,,
AUSTRAL ECOLOGY,2025,1442-9985/1442-9993,否,否,否,SCIE,1.6,,环境科学与生态学,4 [274/504],否,三级, ECOLOGY 生态学,4 [123/196],,,,,,,,,,
Tropical Conservation Science,2025,1940-0829/1940-0829,否,否,是,SCIE,1.6,,环境科学与生态学,4 [275/504],否,三级, BIODIVERSITY CONSERVATION 生物多样性保护,4 [45/75],,,,,,,,,,
WASTE MANAGEMENT & RESEARCH,2025,0734-242X/1096-3669,否,否,否,SCIE,4.3,,环境科学与生态学,4 [276/504],否,三级," ENGINEERING, ENVIRONMENTAL 工程：环境",4 [47/80], ENVIRONMENTAL SCIENCES 环境科学,4 [218/357],,,,,,,,
Journal of Water Sanitation and Hygiene for Development,2025,2043-9083/2408-9362,否,否,是,SCIE,1.4,,环境科学与生态学,4 [277/504],否,三级, WATER RESOURCES 水资源,4 [67/124],,,,,,,,,,
Freshwater Science,2025,2161-9549/2161-9565,否,否,否,SCIE,1.6,,环境科学与生态学,4 [278/504],否,三级, MARINE & FRESHWATER BIOLOGY 海洋与淡水生物学,3 [56/118], ECOLOGY 生态学,4 [125/196],,,,,,,,
Regional Studies in Marine Science,2025,2352-4855/2352-4855,否,否,否,SCIE,2.4,,环境科学与生态学,4 [279/504],否,三级, MARINE & FRESHWATER BIOLOGY 海洋与淡水生物学,3 [57/118], ECOLOGY 生态学,4 [126/196],,,,,,,,
NEW ZEALAND JOURNAL OF ECOLOGY,2025,0110-6465/1177-7788,否,否,否,SCIE,1.4,,环境科学与生态学,4 [280/504],否,三级, ECOLOGY 生态学,4 [127/196],,,,,,,,,,
Journal of Mountain Science,2025,1672-6316/1993-0321,否,否,否,SCIE,2.5,,环境科学与生态学,4 [281/504],否,三级, ENVIRONMENTAL SCIENCES 环境科学,4 [221/357],,,,,,,,,,
AQUA-Water Infrastructure Ecosystems and Society,2025,2709-8028/2709-8036,否,否,否,SCIE,2.3,,环境科学与生态学,4 [282/504],否,三级," ENGINEERING, CIVIL 工程：土木",4 [81/180], WATER RESOURCES 水资源,4 [69/124],,,,,,,,
ENVIRONMENTAL AND ECOLOGICAL STATISTICS,2025,1352-8505/1573-3009,否,否,否,SCIE,1.8,,环境科学与生态学,4 [283/504],否,三级, ENVIRONMENTAL SCIENCES 环境科学,4 [223/357]," MATHEMATICS, INTERDISCIPLINARY APPLICATIONS 数学跨学科应用",4 [79/136], STATISTICS & PROBABILITY 统计学与概率论,4 [103/166],,,,,,
RIVER RESEARCH AND APPLICATIONS,2025,1535-1459/1535-1467,否,否,否,SCIE,1.9,,环境科学与生态学,4 [284/504],否,三级, ENVIRONMENTAL SCIENCES 环境科学,4 [224/357], WATER RESOURCES 水资源,4 [70/124],,,,,,,,
Air Quality Atmosphere and Health,2025,1873-9318/1873-9326,否,否,否,SCIE,2.9,,环境科学与生态学,4 [285/504],否,三级, ENVIRONMENTAL SCIENCES 环境科学,4 [225/357],,,,,,,,,,
Aerosol and Air Quality Research,2025,1680-8584/2071-1409,否,否,是,SCIE,2.5,,环境科学与生态学,4 [286/504],否,三级, ENVIRONMENTAL SCIENCES 环境科学,4 [226/357],,,,,,,,,,
AEROBIOLOGIA,2025,0393-5965/1573-3025,否,否,否,SCIE,2.1,,环境科学与生态学,4 [287/504],否,三级, BIOLOGY 生物学,4 [60/109], ENVIRONMENTAL SCIENCES 环境科学,4 [227/357],,,,,,,,
Air Soil and Water Research,2025,1178-6221/1178-6221,否,否,是,ESCI,2.8,,环境科学与生态学,4 [288/504],否,三级, ENVIRONMENTAL SCIENCES 环境科学,4 [228/357],,,,,,,,,,
Journal of Environmental Health Science and Engineering,2025,2052-336X/2052-336X,否,否,否,SCIE,2.8,,环境科学与生态学,4 [289/504],否,三级," ENGINEERING, ENVIRONMENTAL 工程：环境",4 [48/80], ENVIRONMENTAL SCIENCES 环境科学,4 [229/357],,,,,,,,
Journal of Material Cycles and Waste Management,2025,1438-4957/1611-8227,否,否,否,SCIE,3,,环境科学与生态学,4 [290/504],否,三级, ENVIRONMENTAL SCIENCES 环境科学,4 [230/357],,,,,,,,,,
POLAR BIOLOGY,2025,0722-4060/1432-2056,否,否,否,SCIE,1.6,,环境科学与生态学,4 [291/504],否,三级, BIODIVERSITY CONSERVATION 生物多样性保护,4 [46/75], ECOLOGY 生态学,4 [128/196],,,,,,,,
ARCHIVES OF ENVIRONMENTAL CONTAMINATION AND TOXICOLOGY,2025,0090-4341/1432-0703,否,否,否,SCIE,2.2,,环境科学与生态学,4 [292/504],否,三级, ENVIRONMENTAL SCIENCES 环境科学,4 [231/357], TOXICOLOGY 毒理学,4 [74/106],,,,,,,,
Environmental Pollutants and Bioavailability,2025,2639-5932/2639-5940,否,否,是,SCIE,3.2,,环境科学与生态学,4 [293/504],否,三级, BIOCHEMISTRY & MOLECULAR BIOLOGY 生化与分子生物学,4 [225/310], ENVIRONMENTAL SCIENCES 环境科学,4 [234/357], TOXICOLOGY 毒理学,4 [76/106],,,,,,
INTERNATIONAL JOURNAL OF PHYTOREMEDIATION,2025,1522-6514/1549-7879,否,否,否,SCIE,3.1,,环境科学与生态学,4 [294/504],否,三级, ENVIRONMENTAL SCIENCES 环境科学,4 [235/357],,,,,,,,,,
NATURAL RESOURCE MODELING,2025,0890-8575/1939-7445,否,否,否,SCIE,2.1,,环境科学与生态学,4 [295/504],否,三级, ENVIRONMENTAL SCIENCES 环境科学,4 [236/357]," MATHEMATICS, INTERDISCIPLINARY APPLICATIONS 数学跨学科应用",4 [84/136],,,,,,,,
Clean Technologies,2025,2571-8797/2571-8797,否,否,是,ESCI,4.7,,环境科学与生态学,4 [296/504],否,三级," ENGINEERING, ENVIRONMENTAL 工程：环境",4 [49/80], ENVIRONMENTAL SCIENCES 环境科学,4 [237/357], GREEN & SUSTAINABLE SCIENCE & TECHNOLOGY 绿色可持续发展技术,4 [66/91],,,,,,
Mine Water and the Environment,2025,1025-9112/1616-1068,否,否,否,SCIE,2.1,,环境科学与生态学,4 [297/504],否,三级, WATER RESOURCES 水资源,4 [71/124],,,,,,,,,,
ENVIRONMENT,2025,0013-9157/1939-9154,否,否,否,SSCI;SCIE,3.9,,环境科学与生态学,4 [298/504],否,三级, ENVIRONMENTAL SCIENCES 环境科学,4 [238/357], ENVIRONMENTAL STUDIES 环境研究,4 [138/183],,,,,,,,
ACTA OECOLOGICA-INTERNATIONAL JOURNAL OF ECOLOGY,2025,1146-609X/1873-6238,否,否,否,SCIE,1.5,,环境科学与生态学,4 [299/504],否,三级, ECOLOGY 生态学,4 [129/196],,,,,,,,,,
MOUNTAIN RESEARCH AND DEVELOPMENT,2025,0276-4741/1994-7151,否,否,是,SCIE,1.8,,环境科学与生态学,4 [300/504],否,三级, ENVIRONMENTAL SCIENCES 环境科学,4 [239/357]," GEOGRAPHY, PHYSICAL 自然地理",4 [40/63],,,,,,,,
Management of Biological Invasions,2025,1989-8649,否,否,是,SCIE,1.2,,环境科学与生态学,4 [301/504],否,三级, BIODIVERSITY CONSERVATION 生物多样性保护,4 [47/75],,,,,,,,,,
JOURNAL OF RADIOLOGICAL PROTECTION,2025,0952-4746/1361-6498,否,否,否,SCIE,1.8,,环境科学与生态学,4 [302/504],否,三级, ENVIRONMENTAL SCIENCES 环境科学,4 [240/357], NUCLEAR SCIENCE & TECHNOLOGY 核科学技术,4 [22/41]," PUBLIC, ENVIRONMENTAL & OCCUPATIONAL HEALTH 公共卫生、环境卫生与职业卫生",4 [283/404]," RADIOLOGY, NUCLEAR MEDICINE & MEDICAL IMAGING 核医学",4 [134/206],,,,
WETLANDS,2025,0277-5212/1943-6246,否,否,否,SCIE,2,,环境科学与生态学,4 [303/504],否,三级, ECOLOGY 生态学,4 [130/196], ENVIRONMENTAL SCIENCES 环境科学,4 [241/357],,,,,,,,
Canadian Water Resources Journal,2025,0701-1784/1918-1817,否,否,否,SCIE,0.9,,环境科学与生态学,4 [304/504],否,三级, WATER RESOURCES 水资源,4 [73/124],,,,,,,,,,
Integrated Environmental Assessment and Management,2025,1551-3777/1551-3793,否,否,否,SCIE,8.4,,环境科学与生态学,4 [305/504],否,三级, ENVIRONMENTAL SCIENCES 环境科学,4 [243/357], TOXICOLOGY 毒理学,4 [79/106],,,,,,,,
ECOTOXICOLOGY,2025,0963-9292/1573-3017,否,否,否,SCIE,2.7,,环境科学与生态学,4 [306/504],否,三级, ECOLOGY 生态学,4 [131/196], ENVIRONMENTAL SCIENCES 环境科学,4 [244/357], TOXICOLOGY 毒理学,4 [80/106],,,,,,
MARINE AND FRESHWATER RESEARCH,2025,1323-1650/1448-6059,否,否,否,SCIE,1.5,,环境科学与生态学,4 [307/504],否,三级, LIMNOLOGY 湖沼学,3 [12/21], FISHERIES 渔业,4 [31/61], MARINE & FRESHWATER BIOLOGY 海洋与淡水生物学,4 [63/118], OCEANOGRAPHY 海洋学,4 [42/66],,,,
Ecological Chemistry and Engineering S-Chemia I Inzynieria Ekologiczna S,2025,1898-6196/2084-4549,否,否,否,SCIE,1.6,,环境科学与生态学,4 [308/504],否,三级, ENVIRONMENTAL SCIENCES 环境科学,4 [245/357],,,,,,,,,,
COASTAL MANAGEMENT,2025,0892-0753/1521-0421,否,否,否,SSCI;SCIE,1.9,,环境科学与生态学,4 [309/504],否,三级, ENVIRONMENTAL SCIENCES 环境科学,4 [247/357], ENVIRONMENTAL STUDIES 环境研究,4 [141/183],,,,,,,,
Nature Conservation Research,2025,2500-008X/2500-008X,否,否,是,ESCI,1.7,,环境科学与生态学,4 [310/504],否,三级, BIODIVERSITY CONSERVATION 生物多样性保护,4 [48/75],,,,,,,,,,
EARTH,2025,2673-4834/2673-4834,否,否,否,ESCI,3.4,,环境科学与生态学,4 [311/504],否,三级, ENVIRONMENTAL SCIENCES 环境科学,4 [248/357]," GEOSCIENCES, MULTIDISCIPLINARY 地球科学：综合",4 [165/258],,,,,,,,
ENVIRONMENTAL BIOLOGY OF FISHES,2025,0378-1909/1573-5133,否,否,否,SCIE,1.8,,环境科学与生态学,4 [312/504],否,三级, ECOLOGY 生态学,4 [132/196], MARINE & FRESHWATER BIOLOGY 海洋与淡水生物学,4 [64/118],,,,,,,,
WATER INTERNATIONAL,2025,0250-8060/1941-1707,否,否,否,SCIE,1.5,,环境科学与生态学,4 [313/504],否,三级," ENGINEERING, CIVIL 工程：土木",4 [87/180], WATER RESOURCES 水资源,4 [76/124],,,,,,,,
JOURNAL OF COASTAL CONSERVATION,2025,1400-0350/1874-7841,否,否,否,SCIE,1.9,,环境科学与生态学,4 [314/504],否,三级, ENVIRONMENTAL SCIENCES 环境科学,4 [249/357], MARINE & FRESHWATER BIOLOGY 海洋与淡水生物学,4 [65/118],,,,,,,,
INTERNATIONAL JOURNAL OF RIVER BASIN MANAGEMENT,2025,1571-5124/1814-2060,否,否,否,ESCI,1.9,,环境科学与生态学,4 [315/504],否,三级, WATER RESOURCES 水资源,4 [77/124],,,,,,,,,,
Clean Energy,2025,2515-4230/2515-396X,否,否,是,ESCI,3.7,,环境科学与生态学,4 [316/504],否,三级, ENERGY & FUELS 能源与燃料,4 [108/171]," ENGINEERING, ENVIRONMENTAL 工程：环境",4 [50/80], GREEN & SUSTAINABLE SCIENCE & TECHNOLOGY 绿色可持续发展技术,4 [70/91],,,,,,
Environmental Science-Water Research & Technology,2025,2053-1400/2053-1419,否,否,否,SCIE,3.1,,环境科学与生态学,4 [317/504],否,三级," ENGINEERING, ENVIRONMENTAL 工程：环境",4 [51/80], ENVIRONMENTAL SCIENCES 环境科学,4 [252/357], WATER RESOURCES 水资源,4 [78/124],,,,,,
LIMNETICA,2025,0213-8409/1989-1806,否,否,否,SCIE,1.3,,环境科学与生态学,4 [318/504],否,三级, LIMNOLOGY 湖沼学,4 [13/21], MARINE & FRESHWATER BIOLOGY 海洋与淡水生物学,4 [66/118],,,,,,,,
Journal of Environmental Studies and Sciences,2025,2190-6483/2190-6491,否,否,否,ESCI,2.3,,环境科学与生态学,4 [319/504],否,三级, ENVIRONMENTAL SCIENCES 环境科学,4 [253/357], ENVIRONMENTAL STUDIES 环境研究,4 [143/183],,,,,,,,
COMMUNITY ECOLOGY,2025,1585-8553/1588-2756,否,否,否,SCIE,2,,环境科学与生态学,4 [320/504],否,三级, ECOLOGY 生态学,4 [133/196],,,,,,,,,,
MICROBES AND ENVIRONMENTS,2025,1342-6311/1347-4405,否,否,否,SCIE,2,,环境科学与生态学,4 [321/504],否,三级, BIOTECHNOLOGY & APPLIED MICROBIOLOGY 生物工程与应用微生物,4 [122/174], MICROBIOLOGY 微生物学,4 [126/159],,,,,,,,
Journal of Sustainable Water in the Built Environment,2025,2379-6111/2379-6111,否,否,否,ESCI,1.4,,环境科学与生态学,4 [322/504],否,三级, WATER RESOURCES 水资源,4 [79/124],,,,,,,,,,
Discover Sustainability,2025,2662-9984/2662-9984,否,否,是,ESCI,3,,环境科学与生态学,4 [323/504],否,三级, ENVIRONMENTAL SCIENCES 环境科学,4 [254/357], ENVIRONMENTAL STUDIES 环境研究,4 [144/183], GREEN & SUSTAINABLE SCIENCE & TECHNOLOGY 绿色可持续发展技术,4 [71/91],,,,,,
Waste and Biomass Valorization,2025,1877-2641/1877-265X,否,否,否,SCIE,2.8,,环境科学与生态学,4 [324/504],否,三级, ENVIRONMENTAL SCIENCES 环境科学,4 [255/357],,,,,,,,,,
JOURNAL OF ENVIRONMENTAL QUALITY,2025,0047-2425/1537-2537,否,否,否,SCIE,2.3,,环境科学与生态学,4 [325/504],否,三级, ENVIRONMENTAL SCIENCES 环境科学,4 [256/357],,,,,,,,,,
H2Open Journal,2025,2616-6518/2616-6518,否,否,是,ESCI,1.4,,环境科学与生态学,4 [326/504],否,三级, WATER RESOURCES 水资源,4 [80/124],,,,,,,,,,
Ecologies,2025,2673-4133/2673-4133,否,否,否,ESCI,1.9,,环境科学与生态学,4 [327/504],否,三级, ECOLOGY 生态学,4 [135/196],,,,,,,,,,
POPULATION ECOLOGY,2025,1438-3896/1438-390X,否,否,否,SCIE,1,,环境科学与生态学,4 [328/504],否,三级, ECOLOGY 生态学,4 [136/196],,,,,,,,,,
KOEDOE,2025,0075-6458/2071-0771,否,否,是,SCIE,1.1,,环境科学与生态学,4 [329/504],否,三级, BIODIVERSITY CONSERVATION 生物多样性保护,4 [49/75],,,,,,,,,,
International Journal of Environmental Science and Technology,2025,1735-1472/1735-2630,否,否,否,SCIE,3.4,,环境科学与生态学,4 [330/504],否,三级, ENVIRONMENTAL SCIENCES 环境科学,4 [257/357],,,,,,,,,,
Environmental Engineering Research,2025,1226-1025/2005-968X,否,否,否,SCIE,3,,环境科学与生态学,4 [331/504],否,三级," ENGINEERING, ENVIRONMENTAL 工程：环境",4 [52/80], ENVIRONMENTAL SCIENCES 环境科学,4 [258/357],,,,,,,,
Neotropical Biodiversity,2025,2376-6808/2376-6808,否,否,是,ESCI,0.8,,环境科学与生态学,4 [332/504],否,三级, ECOLOGY 生态学,4 [138/196],,,,,,,,,,
ENVIRONMENTAL MODELING & ASSESSMENT,2025,1420-2026/1573-2967,否,否,否,SCIE,2.6,,环境科学与生态学,4 [333/504],否,三级, ENVIRONMENTAL SCIENCES 环境科学,4 [260/357],,,,,,,,,,
REVISTA CHILENA DE HISTORIA NATURAL,2025,0716-078X/0717-6317,否,否,是,SCIE,1.4,,环境科学与生态学,4 [334/504],否,三级, BIODIVERSITY CONSERVATION 生物多样性保护,4 [50/75], ECOLOGY 生态学,4 [139/196],,,,,,,,
WETLANDS ECOLOGY AND MANAGEMENT,2025,0923-4861/1572-9834,否,否,否,SCIE,1.6,,环境科学与生态学,4 [335/504],否,三级, ENVIRONMENTAL SCIENCES 环境科学,4 [262/357], WATER RESOURCES 水资源,4 [81/124],,,,,,,,
ECOLOGICAL RESEARCH,2025,0912-3814/1440-1703,否,否,否,SCIE,1.4,,环境科学与生态学,4 [336/504],否,三级, ECOLOGY 生态学,4 [140/196],,,,,,,,,,
International Journal of Environmental Research,2025,1735-6865/2008-2304,否,否,否,SCIE,3.5,,环境科学与生态学,4 [337/504],否,三级, ENVIRONMENTAL SCIENCES 环境科学,4 [263/357],,,,,,,,,,
JOURNAL OF TROPICAL ECOLOGY,2025,0266-4674/1469-7831,否,否,否,SCIE,1,,环境科学与生态学,4 [338/504],否,三级, ECOLOGY 生态学,4 [142/196],,,,,,,,,,
WILDLIFE SOCIETY BULLETIN,2025,2328-5540/2328-5540,否,否,否,SCIE,,,环境科学与生态学,4 [339/504],否,三级, BIODIVERSITY CONSERVATION 生物多样性保护,4 [52/75],,,,,,,,,,
Sustainable Environment,2025,2765-8511/2765-8511,否,否,否,ESCI,2.5,,环境科学与生态学,4 [340/504],否,三级, ENVIRONMENTAL SCIENCES 环境科学,4 [266/357],,,,,,,,,,
RADIATION PROTECTION DOSIMETRY,2025,0144-8420/1742-3406,否,否,否,SCIE,0.7,,环境科学与生态学,4 [341/504],否,三级, ENVIRONMENTAL SCIENCES 环境科学,4 [267/357], NUCLEAR SCIENCE & TECHNOLOGY 核科学技术,4 [28/41]," PUBLIC, ENVIRONMENTAL & OCCUPATIONAL HEALTH 公共卫生、环境卫生与职业卫生",4 [319/404]," RADIOLOGY, NUCLEAR MEDICINE & MEDICAL IMAGING 核医学",4 [153/206],,,,
Water Quality Research Journal,2025,2709-8044/2709-8052,否,否,否,SCIE,2.3,,环境科学与生态学,4 [342/504],否,三级, WATER RESOURCES 水资源,4 [82/124],,,,,,,,,,
AFRICAN JOURNAL OF RANGE & FORAGE SCIENCE,2025,1022-0119/1727-9380,否,否,否,SCIE,1.9,,环境科学与生态学,4 [343/504],否,三级, ECOLOGY 生态学,4 [143/196], ENVIRONMENTAL SCIENCES 环境科学,4 [268/357],,,,,,,,
Biodiversity Data Journal,2025,1314-2836/1314-2828,否,否,是,SCIE,1.1,,环境科学与生态学,4 [344/504],否,三级, BIODIVERSITY CONSERVATION 生物多样性保护,4 [53/75],,,,,,,,,,
LIMNOLOGY,2025,1439-8621/1439-863X,否,否,否,SCIE,1.6,,环境科学与生态学,4 [345/504],否,三级, LIMNOLOGY 湖沼学,4 [14/21],,,,,,,,,,
Sustainable Water Resources Management,2025,2363-5037/2363-5045,否,否,否,ESCI,2.1,,环境科学与生态学,4 [346/504],否,三级, WATER RESOURCES 水资源,4 [84/124],,,,,,,,,,
Water Policy,2025,1366-7017/1996-9759,否,否,是,SCIE,1.8,,环境科学与生态学,4 [347/504],否,三级, WATER RESOURCES 水资源,4 [85/124],,,,,,,,,,
Urban Water Journal,2025,1573-062X/1744-9006,否,否,否,SCIE,1.6,,环境科学与生态学,4 [348/504],否,三级, WATER RESOURCES 水资源,4 [87/124],,,,,,,,,,
ECOSCIENCE,2025,1195-6860/2376-7626,否,否,否,SCIE,1.3,,环境科学与生态学,4 [349/504],否,三级, ECOLOGY 生态学,4 [145/196],,,,,,,,,,
PROCEEDINGS OF THE ACADEMY OF NATURAL SCIENCES OF PHILADELPHIA,2025,0097-3157,否,否,否,SCIE,,,环境科学与生态学,4 [350/504],否,三级, BIODIVERSITY CONSERVATION 生物多样性保护,4 [54/75], ECOLOGY 生态学,4 [146/196],,,,,,,,
WATER AIR AND SOIL POLLUTION,2025,0049-6979/1573-2932,否,否,否,SCIE,3,,环境科学与生态学,4 [351/504],否,三级, ENVIRONMENTAL SCIENCES 环境科学,4 [271/357], METEOROLOGY & ATMOSPHERIC SCIENCES 气象与大气科学,4 [85/109], WATER RESOURCES 水资源,4 [88/124],,,,,,
BULLETIN OF ENVIRONMENTAL CONTAMINATION AND TOXICOLOGY,2025,0007-4861/1432-0800,否,否,否,SCIE,2.2,,环境科学与生态学,4 [352/504],否,三级, ENVIRONMENTAL SCIENCES 环境科学,4 [273/357], TOXICOLOGY 毒理学,4 [88/106],,,,,,,,
Russian Journal of Biological Invasions,2025,2075-1117/2075-1125,否,否,否,ESCI,0.6,,环境科学与生态学,4 [353/504],否,三级, ECOLOGY 生态学,4 [149/196],,,,,,,,,,
GEOMICROBIOLOGY JOURNAL,2025,0149-0451/1521-0529,否,否,否,SCIE,1.9,,环境科学与生态学,4 [354/504],否,三级, ENVIRONMENTAL SCIENCES 环境科学,4 [275/357]," GEOSCIENCES, MULTIDISCIPLINARY 地球科学：综合",4 [182/258],,,,,,,,
RANGELAND JOURNAL,2025,1036-9872/1834-7541,否,否,否,SCIE,0.9,,环境科学与生态学,4 [355/504],否,三级, ECOLOGY 生态学,4 [150/196],,,,,,,,,,
JOURNAL OF FRESHWATER ECOLOGY,2025,0270-5060/2156-6941,否,否,是,SCIE,1.4,,环境科学与生态学,4 [356/504],否,三级, ECOLOGY 生态学,4 [151/196], LIMNOLOGY 湖沼学,4 [15/21],,,,,,,,
Journal of Asia-Pacific Biodiversity,2025,2287-9544/2287-9544,否,否,否,ESCI,0.7,,环境科学与生态学,4 [357/504],否,三级, BIODIVERSITY CONSERVATION 生物多样性保护,4 [55/75],,,,,,,,,,
WATER SCIENCE AND TECHNOLOGY,2025,0273-1223/1996-9732,否,否,否,SCIE,2.6,,环境科学与生态学,4 [358/504],否,三级," ENGINEERING, ENVIRONMENTAL 工程：环境",4 [55/80], ENVIRONMENTAL SCIENCES 环境科学,4 [276/357], WATER RESOURCES 水资源,4 [91/124],,,,,,
Journal of Fish and Wildlife Management,2025,1944-687X/1944-687X,否,否,否,SCIE,0.9,,环境科学与生态学,4 [359/504],否,三级, BIODIVERSITY CONSERVATION 生物多样性保护,4 [56/75], ECOLOGY 生态学,4 [152/196],,,,,,,,
Remediation-The Journal of Environmental Cleanup Costs Technologies & Techniques,2025,1051-5658/1520-6831,否,否,否,ESCI,2.9,,环境科学与生态学,4 [360/504],否,三级," ENGINEERING, ENVIRONMENTAL 工程：环境",4 [56/80],,,,,,,,,,
AMERICAN MUSEUM NOVITATES,2025,0003-0082/1937-352X,否,否,否,SCIE,1.2,,环境科学与生态学,4 [361/504],否,三级, BIODIVERSITY CONSERVATION 生物多样性保护,4 [57/75], ZOOLOGY 动物学,4 [131/179],,,,,,,,
Theoretical Ecology,2025,1874-1738/1874-1746,否,否,否,SCIE,1.1,,环境科学与生态学,4 [362/504],否,三级, ECOLOGY 生态学,4 [153/196],,,,,,,,,,
AFRICAN JOURNAL OF ECOLOGY,2025,0141-6707/1365-2028,否,否,否,SCIE,1.1,,环境科学与生态学,4 [363/504],否,三级, ECOLOGY 生态学,4 [154/196],,,,,,,,,,
AWWA Water Science,2025,2577-8161/2577-8161,否,否,否,ESCI,1.8,,环境科学与生态学,4 [364/504],否,三级, WATER RESOURCES 水资源,4 [93/124],,,,,,,,,,
AQUATIC MICROBIAL ECOLOGY,2025,0948-3055/1616-1564,否,否,否,SCIE,1.1,,环境科学与生态学,4 [365/504],否,三级, ECOLOGY 生态学,4 [155/196], MARINE & FRESHWATER BIOLOGY 海洋与淡水生物学,4 [83/118], MICROBIOLOGY 微生物学,4 [139/159],,,,,,
Energy & Environment,2025,0958-305X/2048-4070,否,否,否,SSCI,4.8,,环境科学与生态学,4 [366/504],否,三级, ENVIRONMENTAL STUDIES 环境研究,4 [156/183],,,,,,,,,,
Anthropocene Coasts,2025,2561-4150/2561-4150,否,否,否,ESCI,2.5,,环境科学与生态学,4 [367/504],否,三级, ENVIRONMENTAL SCIENCES 环境科学,4 [279/357], OCEANOGRAPHY 海洋学,4 [53/66],,,,,,,,
AFRICAN JOURNAL OF AQUATIC SCIENCE,2025,1608-5914/1727-9364,否,否,否,SCIE,1,,环境科学与生态学,4 [368/504],否,三级, MARINE & FRESHWATER BIOLOGY 海洋与淡水生物学,4 [85/118],,,,,,,,,,
LAKE AND RESERVOIR MANAGEMENT,2025,1040-2381/2151-5530,否,否,否,SCIE,0.8,,环境科学与生态学,4 [369/504],否,三级, LIMNOLOGY 湖沼学,4 [16/21], MARINE & FRESHWATER BIOLOGY 海洋与淡水生物学,4 [86/118], WATER RESOURCES 水资源,4 [94/124],,,,,,
OCEANOLOGICAL AND HYDROBIOLOGICAL STUDIES,2025,1730-413X/1897-3191,否,否,否,SCIE,1,,环境科学与生态学,4 [370/504],否,三级, OCEANOGRAPHY 海洋学,4 [54/66],,,,,,,,,,
JOURNAL OF THE AIR & WASTE MANAGEMENT ASSOCIATION,2025,1096-2247/2162-2906,否,否,否,SCIE,2.2,,环境科学与生态学,4 [371/504],否,三级," ENGINEERING, ENVIRONMENTAL 工程：环境",4 [57/80], ENVIRONMENTAL SCIENCES 环境科学,4 [280/357], METEOROLOGY & ATMOSPHERIC SCIENCES 气象与大气科学,4 [90/109],,,,,,
TROPICAL ECOLOGY,2025,0564-3295/2661-8982,否,否,否,SCIE,1.7,,环境科学与生态学,4 [372/504],否,三级, ECOLOGY 生态学,4 [157/196],,,,,,,,,,
WATER ENVIRONMENT RESEARCH,2025,1061-4303/1554-7531,否,否,否,SCIE,1.9,,环境科学与生态学,4 [373/504],否,三级," ENGINEERING, ENVIRONMENTAL 工程：环境",4 [58/80], ENVIRONMENTAL SCIENCES 环境科学,4 [282/357], LIMNOLOGY 湖沼学,4 [17/21], WATER RESOURCES 水资源,4 [95/124],,,,
Landscape and Ecological Engineering,2025,1860-1871/1860-188X,否,否,否,SCIE,1.9,,环境科学与生态学,4 [374/504],否,三级, BIODIVERSITY CONSERVATION 生物多样性保护,4 [59/75], ECOLOGY 生态学,4 [158/196],,,,,,,,
Toxicology and Environmental Health Sciences,2025,2005-9752/2233-7784,否,否,否,ESCI,1,,环境科学与生态学,4 [375/504],否,三级, ENVIRONMENTAL SCIENCES 环境科学,4 [285/357], TOXICOLOGY 毒理学,4 [96/106],,,,,,,,
BIOREMEDIATION JOURNAL,2025,1088-9868/1547-6529,否,否,否,SCIE,1.4,,环境科学与生态学,4 [376/504],否,三级, ENVIRONMENTAL SCIENCES 环境科学,4 [286/357],,,,,,,,,,
NATURAL AREAS JOURNAL,2025,0885-8608/2162-4399,否,否,否,SCIE,0.8,,环境科学与生态学,4 [377/504],否,三级, ECOLOGY 生态学,4 [159/196], FORESTRY 林学,4 [55/89],,,,,,,,
Greenhouse Gases-Science and Technology,2025,2152-3878/2152-3878,否,否,否,SCIE,2.8,,环境科学与生态学,4 [378/504],否,三级, ENERGY & FUELS 能源与燃料,4 [129/171]," ENGINEERING, ENVIRONMENTAL 工程：环境",4 [59/80], ENVIRONMENTAL SCIENCES 环境科学,4 [287/357],,,,,,
GROUND WATER MONITORING AND REMEDIATION,2025,1069-3629/1745-6592,否,否,否,SCIE,1.3,,环境科学与生态学,4 [379/504],否,三级, WATER RESOURCES 水资源,4 [96/124],,,,,,,,,,
Journal of Sedimentary Environments,2025,2662-5571/2447-9462,否,否,是,ESCI,1.3,,环境科学与生态学,4 [380/504],否,三级, ENVIRONMENTAL SCIENCES 环境科学,4 [288/357],,,,,,,,,,
NEW ZEALAND JOURNAL OF MARINE AND FRESHWATER RESEARCH,2025,0028-8330/1175-8805,否,否,否,SCIE,1.7,,环境科学与生态学,4 [381/504],否,三级, FISHERIES 渔业,4 [43/61], MARINE & FRESHWATER BIOLOGY 海洋与淡水生物学,4 [88/118], OCEANOGRAPHY 海洋学,4 [55/66],,,,,,
ENVIRONMENTAL ENGINEERING SCIENCE,2025,1092-8758/1557-9018,否,否,否,SCIE,1.8,,环境科学与生态学,4 [382/504],否,三级," ENGINEERING, ENVIRONMENTAL 工程：环境",4 [60/80], ENVIRONMENTAL SCIENCES 环境科学,4 [289/357],,,,,,,,
Problemy Ekorozwoju,2025,1895-6912/2080-1971,否,否,否,SSCI,1.1,,环境科学与生态学,4 [383/504],否,三级, ENVIRONMENTAL STUDIES 环境研究,4 [161/183],,,,,,,,,,
Euro-Mediterranean Journal for Environmental Integration,2025,2365-6433/2365-7448,否,否,否,ESCI,2.1,,环境科学与生态学,4 [384/504],否,三级, ENVIRONMENTAL SCIENCES 环境科学,4 [291/357],,,,,,,,,,
Journal of Hazardous Toxic and Radioactive Waste,2025,2153-5493/2153-5515,否,否,否,ESCI,2.2,,环境科学与生态学,4 [385/504],否,三级," ENGINEERING, ENVIRONMENTAL 工程：环境",4 [61/80],,,,,,,,,,
Conservation Genetics Resources,2025,1877-7252/1877-7260,否,否,否,SCIE,0.9,,环境科学与生态学,4 [386/504],否,三级, BIODIVERSITY CONSERVATION 生物多样性保护,4 [60/75], GENETICS & HEREDITY 遗传学,4 [169/190],,,,,,,,
Water Practice and Technology,2025,1751-231X/1751-231X,否,否,是,ESCI,1.8,,环境科学与生态学,4 [387/504],否,三级, WATER RESOURCES 水资源,4 [97/124],,,,,,,,,,
One Ecosystem,2025,2367-8194/2367-8194,否,否,是,ESCI,1.9,,环境科学与生态学,4 [388/504],否,三级, ECOLOGY 生态学,4 [160/196], ENVIRONMENTAL SCIENCES 环境科学,4 [292/357],,,,,,,,
International Journal of Limnology,2025,2823-1465/2823-1465,否,否,否,SCIE,0.8,,环境科学与生态学,4 [389/504],否,三级, LIMNOLOGY 湖沼学,4 [18/21],,,,,,,,,,
BIOTA NEOTROPICA,2025,1676-0603/1676-0611,否,否,是,SCIE,1.2,,环境科学与生态学,4 [390/504],否,三级, BIODIVERSITY CONSERVATION 生物多样性保护,4 [61/75],,,,,,,,,,
Mires and Peat,2025,1819-754X/1819-754X,否,否,是,SCIE,1.4,,环境科学与生态学,4 [391/504],否,三级, ENVIRONMENTAL SCIENCES 环境科学,4 [293/357],,,,,,,,,,
ANIMAL BIODIVERSITY AND CONSERVATION,2025,1578-665X/2014-928X,否,否,是,SCIE,1.4,,环境科学与生态学,4 [392/504],否,三级, BIODIVERSITY CONSERVATION 生物多样性保护,4 [62/75],,,,,,,,,,
Nitrogen,2025,2504-3129/2504-3129,否,否,否,ESCI,2.3,,环境科学与生态学,4 [393/504],否,三级, ENVIRONMENTAL SCIENCES 环境科学,4 [294/357],,,,,,,,,,
Environmental Progress & Sustainable Energy,2025,1944-7442/1944-7450,否,否,否,SCIE,2.3,,环境科学与生态学,4 [394/504],否,三级," ENGINEERING, CHEMICAL 工程：化工",4 [110/169]," ENGINEERING, ENVIRONMENTAL 工程：环境",4 [62/80], ENVIRONMENTAL SCIENCES 环境科学,4 [295/357], GREEN & SUSTAINABLE SCIENCE & TECHNOLOGY 绿色可持续发展技术,4 [79/91],,,,
OZONE-SCIENCE & ENGINEERING,2025,0191-9512/1547-6545,否,否,否,SCIE,1.4,,环境科学与生态学,4 [395/504],否,三级," ENGINEERING, ENVIRONMENTAL 工程：环境",4 [63/80], ENVIRONMENTAL SCIENCES 环境科学,4 [296/357],,,,,,,,
ENVIRONMENTAL TECHNOLOGY,2025,0959-3330/1479-487X,否,否,否,SCIE,2,,环境科学与生态学,4 [396/504],否,三级, ENVIRONMENTAL SCIENCES 环境科学,4 [297/357],,,,,,,,,,
AQUATIC ECOSYSTEM HEALTH & MANAGEMENT,2025,1463-4988/1539-4077,否,否,否,SCIE,0.8,,环境科学与生态学,4 [397/504],否,三级, ENVIRONMENTAL SCIENCES 环境科学,4 [298/357], MARINE & FRESHWATER BIOLOGY 海洋与淡水生物学,4 [95/118],,,,,,,,
SOIL & SEDIMENT CONTAMINATION,2025,1532-0383/1549-7887,否,否,否,SCIE,1.5,,环境科学与生态学,4 [398/504],否,三级, ENVIRONMENTAL SCIENCES 环境科学,4 [299/357],,,,,,,,,,
RUSSIAN JOURNAL OF ECOLOGY,2025,1067-4136/1608-3334,否,否,否,SCIE,0.6,,环境科学与生态学,4 [399/504],否,三级, ECOLOGY 生态学,4 [164/196],,,,,,,,,,
Agua y Territorio,2025,2340-7743/2340-7743,否,否,否,ESCI,0.8,,环境科学与生态学,4 [400/504],否,三级, WATER RESOURCES 水资源,4 [99/124],,,,,,,,,,
Environmental Health Engineering and Management Journal,2025,2423-3765/2423-4311,否,否,是,ESCI,1.2,,环境科学与生态学,4 [401/504],否,三级, ENVIRONMENTAL SCIENCES 环境科学,4 [301/357],,,,,,,,,,
European Journal of Sustainable Development,2025,2239-5938/2239-6101,否,否,否,ESCI,0.7,,环境科学与生态学,4 [402/504],否,三级, ENVIRONMENTAL SCIENCES 环境科学,4 [302/357],,,,,,,,,,
African Journal of Wildlife Research,2025,2410-7220/2410-8200,否,否,否,SCIE,1,,环境科学与生态学,4 [403/504],否,三级, ECOLOGY 生态学,4 [165/196], ZOOLOGY 动物学,4 [155/179],,,,,,,,
ACTA AMAZONICA,2025,0044-5967/1809-4392,否,否,是,SCIE,0.8,,环境科学与生态学,4 [404/504],否,三级, ECOLOGY 生态学,4 [166/196], PLANT SCIENCES 植物科学,4 [215/265], ZOOLOGY 动物学,4 [156/179],,,,,,
Journal of Water Management Modeling,2025,2292-6062/2292-6062,否,否,否,ESCI,0.9,,环境科学与生态学,4 [405/504],否,三级, WATER RESOURCES 水资源,4 [100/124],,,,,,,,,,
Journal of Contemporary Water Research & Education,2025,1936-7031/1936-704X,否,否,否,ESCI,1.2,,环境科学与生态学,4 [406/504],否,三级, WATER RESOURCES 水资源,4 [101/124],,,,,,,,,,
Aerosol Science and Engineering,2025,2510-375X/2510-3768,否,否,否,ESCI,2,,环境科学与生态学,4 [407/504],否,三级, ENVIRONMENTAL SCIENCES 环境科学,4 [304/357],,,,,,,,,,
JOURNAL OF ENVIRONMENTAL SCIENCE AND HEALTH PART A-TOXIC/HAZARDOUS SUBSTANCES & ENVIRONMENTAL ENGINEERING,2025,1093-4529/1532-4117,否,否,否,SCIE,2.1,,环境科学与生态学,4 [408/504],否,三级," ENGINEERING, ENVIRONMENTAL 工程：环境",4 [64/80], ENVIRONMENTAL SCIENCES 环境科学,4 [305/357],,,,,,,,
Water Conservation Science and Engineering,2025,2366-3340/2364-5687,否,否,否,ESCI,1.9,,环境科学与生态学,4 [409/504],否,三级," ENGINEERING, ENVIRONMENTAL 工程：环境",4 [65/80], ENVIRONMENTAL SCIENCES 环境科学,4 [306/357], GREEN & SUSTAINABLE SCIENCE & TECHNOLOGY 绿色可持续发展技术,4 [81/91], WATER RESOURCES 水资源,4 [102/124],,,,
Archives of Environmental Protection,2025,2083-4772/2083-4810,否,否,否,SCIE,1.3,,环境科学与生态学,4 [410/504],否,三级, ENVIRONMENTAL SCIENCES 环境科学,4 [307/357],,,,,,,,,,
CHEMISTRY AND ECOLOGY,2025,0275-7540/1029-0370,否,否,否,SCIE,1.8,,环境科学与生态学,4 [411/504],否,三级, ECOLOGY 生态学,4 [168/196], ENVIRONMENTAL SCIENCES 环境科学,4 [308/357],,,,,,,,
WATER AND ENVIRONMENT JOURNAL,2025,1747-6585/1747-6593,否,否,否,SCIE,1.8,,环境科学与生态学,4 [412/504],否,三级, ENVIRONMENTAL SCIENCES 环境科学,4 [309/357], LIMNOLOGY 湖沼学,4 [19/21], WATER RESOURCES 水资源,4 [103/124],,,,,,
ISOTOPES IN ENVIRONMENTAL AND HEALTH STUDIES,2025,1025-6016/1477-2639,否,否,否,SCIE,1.4,,环境科学与生态学,4 [413/504],否,三级," CHEMISTRY, INORGANIC & NUCLEAR 无机化学与核化学",4 [37/44], ENVIRONMENTAL SCIENCES 环境科学,4 [310/357],,,,,,,,
Eco mont-Journal on Protected Mountain Areas Research,2025,2073-106X/2073-1558,否,否,是,SCIE,0.8,,环境科学与生态学,4 [414/504],否,三级, BIODIVERSITY CONSERVATION 生物多样性保护,4 [65/75], ECOLOGY 生态学,4 [169/196],,,,,,,,
Fundamental and Applied Limnology,2025,1863-9135/1863-9135,否,否,否,SCIE,0.5,,环境科学与生态学,4 [415/504],否,三级, LIMNOLOGY 湖沼学,4 [20/21], MARINE & FRESHWATER BIOLOGY 海洋与淡水生物学,4 [98/118],,,,,,,,
Journal of Ecological Engineering,2025,2299-8993/2299-8993,否,否,是,ESCI,1.5,,环境科学与生态学,4 [416/504],否,三级," ENGINEERING, ENVIRONMENTAL 工程：环境",4 [66/80],,,,,,,,,,
Grundwasser,2025,1430-483X/1432-1165,否,否,否,SCIE,1.3,,环境科学与生态学,4 [417/504],否,三级, ENVIRONMENTAL SCIENCES 环境科学,4 [311/357], WATER RESOURCES 水资源,4 [104/124],,,,,,,,
BOREAL ENVIRONMENT RESEARCH,2025,1239-6095/1797-2469,否,否,否,SCIE,1.3,,环境科学与生态学,4 [418/504],否,三级, ENVIRONMENTAL SCIENCES 环境科学,4 [312/357],,,,,,,,,,
International Journal Of Recycling of Organic Waste in Agriculture,2025,2195-3228/2251-7715,否,否,是,ESCI,0.9,,环境科学与生态学,4 [419/504],否,三级, ENVIRONMENTAL SCIENCES 环境科学,4 [313/357],,,,,,,,,,
Journal of Applied Water Engineering and Research,2025,2324-9676/2324-9676,否,否,否,ESCI,1.6,,环境科学与生态学,4 [420/504],否,三级, WATER RESOURCES 水资源,4 [105/124],,,,,,,,,,
Environmental and Climate Technologies,2025,1691-5208/2255-8837,否,否,是,ESCI,1.6,,环境科学与生态学,4 [421/504],否,三级, GREEN & SUSTAINABLE SCIENCE & TECHNOLOGY 绿色可持续发展技术,4 [82/91],,,,,,,,,,
ENVIRONMENTAL FORENSICS,2025,1527-5922/1527-5930,否,否,否,SCIE,1.2,,环境科学与生态学,4 [422/504],否,三级, ENVIRONMENTAL SCIENCES 环境科学,4 [314/357],,,,,,,,,,
Environmental Chemistry,2025,1448-2517/1449-8979,否,否,否,SCIE,2.3,,环境科学与生态学,4 [423/504],否,三级," CHEMISTRY, ANALYTICAL 分析化学",4 [90/106], ENVIRONMENTAL SCIENCES 环境科学,4 [315/357],,,,,,,,
Tropics,2025,0917-415X/1882-5729,否,否,否,ESCI,1.2,,环境科学与生态学,4 [424/504],否,三级, ECOLOGY 生态学,4 [170/196],,,,,,,,,,
Folia Oecologica,2025,1336-5266/1338-7014,否,否,是,ESCI,1.1,,环境科学与生态学,4 [425/504],否,三级, ECOLOGY 生态学,4 [171/196],,,,,,,,,,
Biosystems Diversity,2025,2519-8513/2520-2529,否,否,是,ESCI,1,,环境科学与生态学,4 [426/504],否,三级, ECOLOGY 生态学,4 [172/196],,,,,,,,,,
POLISH JOURNAL OF ENVIRONMENTAL STUDIES,2025,1230-1485/2083-5906,否,否,否,SCIE,1.3,,环境科学与生态学,4 [427/504],否,三级, ENVIRONMENTAL SCIENCES 环境科学,4 [316/357],,,,,,,,,,
TOXICOLOGICAL AND ENVIRONMENTAL CHEMISTRY,2025,0277-2248/1029-0486,否,否,否,SCIE,1.1,,环境科学与生态学,4 [428/504],否,三级, ENVIRONMENTAL SCIENCES 环境科学,4 [317/357], TOXICOLOGY 毒理学,4 [98/106],,,,,,,,
RBRH-Revista Brasileira de Recursos Hidricos,2025,1414-381X/2318-0331,否,否,是,ESCI,0.6,,环境科学与生态学,4 [429/504],否,三级, WATER RESOURCES 水资源,4 [107/124],,,,,,,,,,
Revista Mexicana de Biodiversidad,2025,1870-3453/2007-8706,否,否,是,SCIE,0.9,,环境科学与生态学,4 [430/504],否,三级, BIODIVERSITY CONSERVATION 生物多样性保护,4 [66/75],,,,,,,,,,
JOURNAL OF LIMNOLOGY,2025,1129-5767/1723-8633,否,否,是,SCIE,1.1,,环境科学与生态学,4 [431/504],否,三级, LIMNOLOGY 湖沼学,4 [21/21],,,,,,,,,,
ENVIRONMENTAL QUALITY MANAGEMENT,2025,1088-1913/1520-6483,否,否,否,ESCI,1.3,,环境科学与生态学,4 [432/504],否,三级," ENGINEERING, ENVIRONMENTAL 工程：环境",4 [68/80], ENVIRONMENTAL SCIENCES 环境科学,4 [320/357], GREEN & SUSTAINABLE SCIENCE & TECHNOLOGY 绿色可持续发展技术,4 [83/91],,,,,,
Carpathian Journal of Earth and Environmental Sciences,2025,1842-4090/1844-489X,否,否,否,SCIE,0.9,,环境科学与生态学,4 [433/504],否,三级, ENVIRONMENTAL SCIENCES 环境科学,4 [321/357],,,,,,,,,,
SOUTHEASTERN NATURALIST,2025,1528-7092/1938-5412,否,否,否,SCIE,0.4,,环境科学与生态学,4 [434/504],否,三级, BIODIVERSITY CONSERVATION 生物多样性保护,4 [67/75], ECOLOGY 生态学,4 [173/196],,,,,,,,
Israel Journal of Ecology & Evolution,2025,1565-9801/2224-4662,否,否,否,SCIE,0.8,,环境科学与生态学,4 [435/504],否,三级, ECOLOGY 生态学,4 [174/196], EVOLUTIONARY BIOLOGY 进化生物学,4 [51/52],,,,,,,,
Case Studies in the Environment,2025,2473-9510/2473-9510,否,否,否,ESCI,0.6,,环境科学与生态学,4 [436/504],否,三级, EDUCATION & EDUCATIONAL RESEARCH 教育学和教育研究,4 [687/754], ENVIRONMENTAL STUDIES 环境研究,4 [170/183],,,,,,,,
Challenges in Sustainability,2025,2297-6477/2297-6477,否,否,是,ESCI,1.1,,环境科学与生态学,4 [437/504],否,三级, GREEN & SUSTAINABLE SCIENCE & TECHNOLOGY 绿色可持续发展技术,4 [84/91],,,,,,,,,,
Journal of Sustainable Development of Energy Water and Environment Systems-JSDEWES,2025,1848-9257/1848-9257,否,否,是,ESCI,2.3,,环境科学与生态学,4 [438/504],否,三级, ENVIRONMENTAL SCIENCES 环境科学,4 [322/357],,,,,,,,,,
AIMS Environmental Science,2025,2372-0344/2372-0352,否,否,是,ESCI,1.2,,环境科学与生态学,4 [439/504],否,三级, ENVIRONMENTAL SCIENCES 环境科学,4 [323/357],,,,,,,,,,
WATER SA,2025,0378-4738/1816-7950,否,否,是,SCIE,1.2,,环境科学与生态学,4 [440/504],否,三级, WATER RESOURCES 水资源,4 [108/124],,,,,,,,,,
Acque Sotterranee-Italian Journal of Groundwater,2025,1828-454X/1828-454X,否,否,是,ESCI,0.7,,环境科学与生态学,4 [441/504],否,三级, WATER RESOURCES 水资源,4 [109/124],,,,,,,,,,
JOURNAL OF ENVIRONMENTAL HEALTH,2025,0022-0892/0022-0892,否,否,否,SCIE,1,,环境科学与生态学,4 [442/504],否,三级, ENVIRONMENTAL SCIENCES 环境科学,4 [324/357]," PUBLIC, ENVIRONMENTAL & OCCUPATIONAL HEALTH 公共卫生、环境卫生与职业卫生",4 [371/404],,,,,,,,
WESTERN NORTH AMERICAN NATURALIST,2025,1527-0904/1944-8341,否,否,否,SCIE,0.5,,环境科学与生态学,4 [443/504],否,三级, BIODIVERSITY CONSERVATION 生物多样性保护,4 [68/75], ECOLOGY 生态学,4 [176/196],,,,,,,,
JOURNAL OF ENVIRONMENTAL ENGINEERING,2025,0733-9372/1943-7870,否,否,否,SCIE,1.6,,环境科学与生态学,4 [444/504],否,三级," ENGINEERING, CIVIL 工程：土木",4 [144/180]," ENGINEERING, ENVIRONMENTAL 工程：环境",4 [69/80], ENVIRONMENTAL SCIENCES 环境科学,4 [325/357],,,,,,
NORTHEASTERN NATURALIST,2025,1092-6194/1938-5307,否,否,否,SCIE,0.5,,环境科学与生态学,4 [445/504],否,三级, BIODIVERSITY CONSERVATION 生物多样性保护,4 [69/75], ECOLOGY 生态学,4 [177/196],,,,,,,,
NORTHWEST SCIENCE,2025,0029-344X/2161-9859,否,否,否,SCIE,0.8,,环境科学与生态学,4 [446/504],否,三级, ECOLOGY 生态学,4 [179/196],,,,,,,,,,
Journal of Environmental Science and Health Part C-Toxicology and Carcinogenesis,2025,2689-6583/2689-6591,否,否,否,SCIE,2.3,,环境科学与生态学,4 [447/504],否,三级, ENVIRONMENTAL SCIENCES 环境科学,4 [326/357], ONCOLOGY 肿瘤学,4 [293/318], TOXICOLOGY 毒理学,4 [102/106],,,,,,
Environmental Sustainability,2025,2523-8922/2523-8922,否,否,否,ESCI,2.8,,环境科学与生态学,4 [448/504],否,三级, ENVIRONMENTAL SCIENCES 环境科学,4 [327/357],,,,,,,,,,
CLEAN-Soil Air Water,2025,1863-0650/1863-0669,否,否,否,SCIE,1.4,,环境科学与生态学,4 [449/504],否,三级, ENVIRONMENTAL SCIENCES 环境科学,4 [328/357], GREEN & SUSTAINABLE SCIENCE & TECHNOLOGY 绿色可持续发展技术,4 [86/91], MARINE & FRESHWATER BIOLOGY 海洋与淡水生物学,4 [106/118], WATER RESOURCES 水资源,4 [111/124],,,,
Contemporary Problems of Ecology,2025,1995-4255/1995-4263,否,否,否,SCIE,0.5,,环境科学与生态学,4 [450/504],否,三级, ECOLOGY 生态学,4 [180/196],,,,,,,,,,
Arid Ecosystems,2025,2079-0961/2079-0988,否,否,否,ESCI,0.6,,环境科学与生态学,4 [451/504],否,三级, ECOLOGY 生态学,4 [181/196],,,,,,,,,,
Water Resources,2025,0097-8078/1608-344X,否,否,否,SCIE,0.8,,环境科学与生态学,4 [452/504],否,三级, WATER RESOURCES 水资源,4 [112/124],,,,,,,,,,
Journal of Environmental Engineering and Landscape Management,2025,1648-6897/1822-4199,否,否,是,SCIE,1.1,,环境科学与生态学,4 [453/504],否,三级, ENVIRONMENTAL SCIENCES 环境科学,4 [329/357],,,,,,,,,,
Pollution,2025,2383-451X/2383-4501,否,否,是,ESCI,1.2,,环境科学与生态学,4 [454/504],否,三级, ENVIRONMENTAL SCIENCES 环境科学,4 [330/357],,,,,,,,,,
Proceedings of the Institution of Civil Engineers-Waste and Resource Management,2025,1747-6526/1747-6534,否,否,否,ESCI,0.8,,环境科学与生态学,4 [455/504],否,三级," ENGINEERING, ENVIRONMENTAL 工程：环境",4 [72/80],,,,,,,,,,
Human-Wildlife Interactions,2025,2155-3858/2155-3874,否,否,是,SCIE,,,环境科学与生态学,4 [456/504],否,三级, BIODIVERSITY CONSERVATION 生物多样性保护,4 [71/75], ECOLOGY 生态学,4 [183/196],,,,,,,,
Detritus,2025,2611-4127/2611-4135,否,否,是,ESCI,1.3,,环境科学与生态学,4 [457/504],否,三级," ENGINEERING, ENVIRONMENTAL 工程：环境",4 [73/80],,,,,,,,,,
JOURNAL OF ENVIRONMENTAL BIOLOGY,2025,0254-8704/2394-0379,否,否,否,ESCI,0.7,,环境科学与生态学,4 [458/504],否,三级, ENVIRONMENTAL SCIENCES 环境科学,4 [331/357],,,,,,,,,,
Granja-Revista de Ciencias de la Vida,2025,1390-3799/1390-8596,否,否,是,ESCI,0.6,,环境科学与生态学,4 [459/504],否,三级, ENVIRONMENTAL SCIENCES 环境科学,4 [332/357],,,,,,,,,,
Journal of Elementology,2025,1644-2296/1644-2296,否,否,否,SCIE,0.7,,环境科学与生态学,4 [460/504],否,三级, ENVIRONMENTAL SCIENCES 环境科学,4 [333/357],,,,,,,,,,
Ecological Questions,2025,1644-7298/2083-5469,否,否,否,ESCI,0.9,,环境科学与生态学,4 [461/504],否,三级, ECOLOGY 生态学,4 [185/196],,,,,,,,,,
International Journal of Global Warming,2025,1758-2083/1758-2091,否,否,否,SCIE,1,,环境科学与生态学,4 [462/504],否,三级, ENVIRONMENTAL SCIENCES 环境科学,4 [334/357],,,,,,,,,,
Environmental Engineering and Management Journal,2025,1582-9596/1843-3707,否,否,否,SCIE,0.9,,环境科学与生态学,4 [463/504],否,三级, ENVIRONMENTAL SCIENCES 环境科学,4 [335/357],,,,,,,,,,
European Journal of Environmental Sciences,2025,1805-0174/2336-1964,否,否,是,ESCI,1,,环境科学与生态学,4 [464/504],否,三级, ENVIRONMENTAL SCIENCES 环境科学,4 [337/357],,,,,,,,,,
POLISH JOURNAL OF ECOLOGY,2025,1505-2249,否,否,否,SCIE,0.7,,环境科学与生态学,4 [465/504],否,三级, ECOLOGY 生态学,4 [187/196],,,,,,,,,,
Journal AWWA,2025,0003-150X/1551-8833,否,否,否,SCIE,0.4,,环境科学与生态学,4 [466/504],否,三级," ENGINEERING, CIVIL 工程：土木",4 [161/180], WATER RESOURCES 水资源,4 [114/124],,,,,,,,
Rocznik Ochrona Srodowiska,2025,1506-218X,否,否,否,SCIE,0.7,,环境科学与生态学,4 [467/504],否,三级, ENVIRONMENTAL SCIENCES 环境科学,4 [339/357],,,,,,,,,,
Revista Brasileira de Ciencias Ambientais,2025,1808-4524/2176-9478,否,否,是,ESCI,0.5,,环境科学与生态学,4 [468/504],否,三级, ENVIRONMENTAL SCIENCES 环境科学,4 [341/357], ENVIRONMENTAL STUDIES 环境研究,4 [179/183],,,,,,,,
BIOLOGY AND ENVIRONMENT-PROCEEDINGS OF THE ROYAL IRISH ACADEMY,2025,0791-7945/2009-003X,否,否,否,SCIE,0.9,,环境科学与生态学,4 [469/504],否,三级, ENVIRONMENTAL SCIENCES 环境科学,4 [342/357],,,,,,,,,,
Ecosistemas,2025,1697-2473,否,否,是,ESCI,0.7,,环境科学与生态学,4 [470/504],否,三级, ECOLOGY 生态学,4 [188/196],,,,,,,,,,
Revista de Gestao Ambiental e Sustentabilidade-GeAS,2025,2316-9834/2316-9834,否,否,是,ESCI,0.5,,环境科学与生态学,4 [471/504],否,三级, ENVIRONMENTAL SCIENCES 环境科学,4 [343/357], GREEN & SUSTAINABLE SCIENCE & TECHNOLOGY 绿色可持续发展技术,4 [88/91],,,,,,,,
International Journal of Hydrology Science and Technology,2025,2042-7808/2042-7816,否,否,否,ESCI,1,,环境科学与生态学,4 [472/504],否,三级, ENVIRONMENTAL SCIENCES 环境科学,4 [344/357], WATER RESOURCES 水资源,4 [115/124],,,,,,,,
Meteorology Hydrology and Water Management-Research and Operational Applications,2025,2299-3835/2353-5652,否,否,否,ESCI,0.4,,环境科学与生态学,4 [473/504],否,三级, WATER RESOURCES 水资源,4 [116/124],,,,,,,,,,
APPLIED ECOLOGY AND ENVIRONMENTAL RESEARCH,2025,1589-1623/1785-0037,否,否,否,SCIE,0.6,,环境科学与生态学,4 [474/504],否,三级, ECOLOGY 生态学,4 [189/196], ENVIRONMENTAL SCIENCES 环境科学,4 [345/357],,,,,,,,
Revista de Sociedad Gaditana de Historia Natural,2025,1577-2578/2340-5759,否,否,否,ESCI,0.2,,环境科学与生态学,4 [475/504],否,三级, ENVIRONMENTAL SCIENCES 环境科学,4 [346/357],,,,,,,,,,
Global NEST Journal,2025,1790-7632,否,否,否,SCIE,1.2,,环境科学与生态学,4 [476/504],否,三级, ENVIRONMENTAL SCIENCES 环境科学,4 [347/357],,,,,,,,,,
Hydrological Research Letters,2025,1882-3416/1882-3416,否,否,是,ESCI,0.8,,环境科学与生态学,4 [477/504],否,三级, WATER RESOURCES 水资源,4 [117/124],,,,,,,,,,
Theoretical and Applied Ecology,2025,1995-4301/2618-8406,否,否,否,ESCI,0.5,,环境科学与生态学,4 [478/504],否,三级, ECOLOGY 生态学,4 [190/196],,,,,,,,,,
EQA-International Journal of Environmental Quality,2025,2039-9898/2281-4485,否,否,是,ESCI,0.6,,环境科学与生态学,4 [479/504],否,三级, ENVIRONMENTAL SCIENCES 环境科学,4 [348/357],,,,,,,,,,
South of Russia-Ecology Development,2025,1992-1098/2413-0958,否,否,是,ESCI,0.3,,环境科学与生态学,4 [480/504],否,三级, ECOLOGY 生态学,4 [191/196],,,,,,,,,,
Journal of Environmental Engineering and Science,2025,1496-2551/1496-256X,否,否,否,ESCI,0.7,,环境科学与生态学,4 [481/504],否,三级," ENGINEERING, ENVIRONMENTAL 工程：环境",4 [74/80],,,,,,,,,,
Hydrologie und Wasserbewirtschaftung,2025,1439-1783,否,否,是,SCIE,1.2,,环境科学与生态学,4 [482/504],否,三级, WATER RESOURCES 水资源,4 [119/124],,,,,,,,,,
Ecologia Aplicada,2025,1726-2216/1993-9507,否,否,否,ESCI,0.4,,环境科学与生态学,4 [483/504],否,三级, ECOLOGY 生态学,4 [192/196],,,,,,,,,,
SOUTHWESTERN NATURALIST,2025,0038-4909/1943-6262,否,否,否,SCIE,0.3,,环境科学与生态学,4 [484/504],否,三级, BIODIVERSITY CONSERVATION 生物多样性保护,4 [73/75], ECOLOGY 生态学,4 [193/196],,,,,,,,
International Journal of Environment and Waste Management,2025,1478-9876/1478-9868,否,否,否,ESCI,0.5,,环境科学与生态学,4 [485/504],否,三级," ENGINEERING, ENVIRONMENTAL 工程：环境",4 [75/80], ENVIRONMENTAL SCIENCES 环境科学,4 [349/357],,,,,,,,
Engenharia Sanitaria e Ambiental,2025,1413-4152/1809-4457,否,否,是,SCIE,0.5,,环境科学与生态学,4 [486/504],否,三级, WATER RESOURCES 水资源,4 [121/124],,,,,,,,,,
Asian Journal of Water Environment and Pollution,2025,0972-9860/1875-8568,否,否,否,ESCI,0.7,,环境科学与生态学,4 [487/504],否,三级, ENVIRONMENTAL SCIENCES 环境科学,4 [350/357],,,,,,,,,,
Environment Protection Engineering,2025,0324-8828,否,否,否,SCIE,0.4,,环境科学与生态学,4 [488/504],否,三级," ENGINEERING, ENVIRONMENTAL 工程：环境",4 [76/80],,,,,,,,,,
PROCEEDINGS OF THE LINNEAN SOCIETY OF NEW SOUTH WALES,2025,0370-047X,否,否,否,SCIE,0.5,,环境科学与生态学,4 [489/504],否,三级, BIODIVERSITY CONSERVATION 生物多样性保护,4 [74/75], ECOLOGY 生态学,4 [194/196],,,,,,,,
Acta Scientiarum Polonorum-Formatio Circumiectus,2025,1644-0765/1644-0765,否,否,是,ESCI,0.9,,环境科学与生态学,4 [490/504],否,三级, AGRONOMY 农艺学,4 [118/127], ENVIRONMENTAL SCIENCES 环境科学,4 [351/357],,,,,,,,
Revista Habitat Sustentable,2025,0719-0700/0719-0700,否,否,是,ESCI,0.2,,环境科学与生态学,4 [491/504],否,三级," ENGINEERING, ENVIRONMENTAL 工程：环境",4 [77/80],,,,,,,,,,
VIE ET MILIEU-LIFE AND ENVIRONMENT,2025,0240-8759,否,否,否,SCIE,0.2,,环境科学与生态学,4 [492/504],否,三级, ECOLOGY 生态学,4 [195/196], MARINE & FRESHWATER BIOLOGY 海洋与淡水生物学,4 [114/118],,,,,,,,
Journal of Environmental Science and Management,2025,0119-1144/0119-1144,否,否,否,SCIE,0.3,,环境科学与生态学,4 [493/504],否,三级, ENVIRONMENTAL SCIENCES 环境科学,4 [353/357],,,,,,,,,,
International Journal of Environmental Technology and Management,2025,1466-2132/1741-511X,否,否,否,ESCI,0.4,,环境科学与生态学,4 [494/504],否,三级," ENGINEERING, ENVIRONMENTAL 工程：环境",4 [78/80],,,,,,,,,,
WasserWirtschaft,2025,0043-0978/2192-8762,否,否,否,SCIE,0.2,,环境科学与生态学,4 [495/504],否,三级, WATER RESOURCES 水资源,4 [122/124],,,,,,,,,,
Revista Internacional de Contaminacion Ambiental,2025,0188-4999,否,否,否,SCIE,0.4,,环境科学与生态学,4 [496/504],否,三级, ENVIRONMENTAL SCIENCES 环境科学,4 [354/357],,,,,,,,,,
Tecnologia y Ciencias del Agua,2025,0187-8336/2007-2422,否,否,是,SCIE,0.3,,环境科学与生态学,4 [497/504],否,三级," ENGINEERING, CIVIL 工程：土木",4 [176/180], WATER RESOURCES 水资源,4 [123/124],,,,,,,,
INTERNATIONAL JOURNAL OF ENVIRONMENT AND POLLUTION,2025,0957-4352/1741-5101,否,否,否,SCIE,0.3,,环境科学与生态学,4 [498/504],否,三级, ENVIRONMENTAL SCIENCES 环境科学,4 [355/357],,,,,,,,,,
International Journal of Ecology & Development,2025,0972-9984/0973-7308,否,否,否,ESCI,<0.1,,环境科学与生态学,4 [499/504],否,三级, ECOLOGY 生态学,4 [196/196],,,,,,,,,,
GEFAHRSTOFFE REINHALTUNG DER LUFT,2025,0949-8036/1436-4891,否,否,否,SCIE,0.1,,环境科学与生态学,4 [500/504],否,三级," ENGINEERING, CIVIL 工程：土木",4 [179/180]," ENGINEERING, ENVIRONMENTAL 工程：环境",4 [79/80], ENVIRONMENTAL SCIENCES 环境科学,4 [356/357],,,,,,
Advances in Environmental Research-An International Journal,2025,2234-1722/2234-1730,否,否,否,ESCI,0.3,,环境科学与生态学,4 [501/504],否,三级," ENGINEERING, ENVIRONMENTAL 工程：环境",4 [80/80],,,,,,,,,,
Catrina-The International Journal of Environmental Sciences,2025,1687-5052/2090-2786,否,否,否,ESCI,1.4,,环境科学与生态学,4 [502/504],否,三级, ENVIRONMENTAL SCIENCES 环境科学,4 [357/357],,,,,,,,,,
PACHYDERM,2025,1026-2881,否,否,否,SCIE,1.3,,环境科学与生态学,4 [503/504],否,三级, BIODIVERSITY CONSERVATION 生物多样性保护,4 [75/75], ZOOLOGY 动物学,4 [179/179],,,,,,,,
Water Cycle,2025,2666-4453/2666-4453,否,否,否,ESCI,8.7,中国SCI期刊支持计划,环境科学与生态学,4 [504/504],否,三级, Water Resources 水资源,4 [124/124],,,,,,,,,,
