Journal,年份,ISSN/EISSN,Review,OA Journal Index（OAJ）,Open Access,Web of Science,影响因子,标注,大类,大类分区,Top,小类1,小类1分区,小类2,小类2分区,小类3,小类3分区,小类4,小类4分区,小类5,小类5分区,小类6,小类6分区,权威期刊
MUSIC THEORY SPECTRUM,2025,0195-6167/1533-8339,否,否,否,AHCI,0.9,,艺术学,1 [1/484],是, MUSIC 音乐,1 [1/110],,,,,,,,,,,一级
Research Studies in Music Education,2025,1321-103X/1834-5530,否,否,否,ESCI,1.6,,艺术学,1 [2/484],是, MUSIC 音乐,1 [3/110],,,,,,,,,,,一级
GESTA-INTERNATIONAL CENTER OF MEDIEVAL ART,2025,0016-920X/2169-3099,否,否,否,AHCI,0.3,,艺术学,1 [3/484],是, ART 艺术,1 [1/144], MEDIEVAL & RENAISSANCE STUDIES 中世纪与文艺复兴研究,1 [2/82],,,,,,,,,一级
JOURNAL OF MUSIC THEORY,2025,0022-2909/1941-7497,否,否,否,AHCI,0.3,,艺术学,1 [4/484],是, MUSIC 音乐,1 [4/110],,,,,,,,,,,一级
YEARBOOK FOR TRADITIONAL MUSIC,2025,0740-1558/2304-3857,否,否,否,AHCI,0.4,,艺术学,1 [5/484],是, MUSIC 音乐,1 [6/110],,,,,,,,,,,一级
JOURNAL OF THE AMERICAN MUSICOLOGICAL SOCIETY,2025,0003-0139/1547-3848,否,否,否,AHCI,0.7,,艺术学,1 [6/484],是, MUSIC 音乐,1 [8/110],,,,,,,,,,,一级
Muqarnas-An Annual on the Visual Cultures of the Islamic World,2025,0732-2992/2211-8993,否,否,否,AHCI,0.9,,艺术学,1 [7/484],是, ARCHITECTURE 建筑学,1 [1/94], ART 艺术,1 [3/144],,,,,,,,,一级
Art & Perception,2025,2213-4905/2213-4913,否,否,否,ESCI,0.6,,艺术学,1 [8/484],是, ART 艺术,1 [4/144],,,,,,,,,,,一级
Estetika-The European Journal of Aesthetics,2025,2571-0915/2571-0915,否,否,是,AHCI,0.5,,艺术学,1 [9/484],是, ART 艺术,1 [5/144], PHILOSOPHY 哲学,2 [21/328],,,,,,,,,一级
JOURNAL OF AESTHETICS AND ART CRITICISM,2025,0021-8529/1540-6245,否,否,否,AHCI,1.1,,艺术学,1 [10/484],是, ART 艺术,1 [6/144], PHILOSOPHY 哲学,2 [24/328],,,,,,,,,一级
Frontiers of Architectural Research,2025,2095-2635/2095-2643,否,否,是,AHCI,3.6,,艺术学,1 [11/484],是, ARCHITECTURE 建筑学,1 [2/94],,,,,,,,,,,一级
BRITISH JOURNAL OF AESTHETICS,2025,0007-0904/1468-2842,否,否,否,AHCI,0.9,,艺术学,1 [12/484],是, ART 艺术,1 [7/144], PHILOSOPHY 哲学,2 [34/328],,,,,,,,,一级
Ibsen Studies,2025,1502-1866/1741-8720,否,否,否,ESCI,<0.1,,艺术学,1 [13/484],是, THEATER 戏剧,1 [1/49],,,,,,,,,,,一级
ART BULLETIN,2025,0004-3079/1559-6478,否,否,否,AHCI,0.6,,艺术学,1 [14/484],是, ART 艺术,1 [8/144],,,,,,,,,,,一级
Transnational Screens,2025,2578-5273/2578-5265,否,否,否,ESCI,0.4,,艺术学,1 [15/484],是," FILM, RADIO, TELEVISION 电影、广播、电视",1 [3/66],,,,,,,,,,,一级
CoDesign-International Journal of CoCreation in Design and the Arts,2025,1571-0882/1745-3755,否,否,否,AHCI,2.6,,艺术学,1 [16/484],是, ART 艺术,2 [9/144],,,,,,,,,,,一级
Plainsong & Medieval Music,2025,0961-1371/1474-0087,否,否,否,AHCI,0.2,,艺术学,1 [17/484],是, MEDIEVAL & RENAISSANCE STUDIES 中世纪与文艺复兴研究,2 [10/82], MUSIC 音乐,2 [12/110],,,,,,,,,一级
Musicology Australia,2025,0814-5857/1949-453X,否,否,否,ESCI,0.4,,艺术学,1 [18/484],是, MUSIC 音乐,2 [13/110],,,,,,,,,,,一级
THEATRE JOURNAL,2025,0192-2882/1086-332X,否,否,否,AHCI,0.6,,艺术学,1 [19/484],是, THEATER 戏剧,1 [2/49],,,,,,,,,,,一级
POPULAR MUSIC AND SOCIETY,2025,0300-7766/1740-1712,否,否,否,AHCI,1,,艺术学,1 [20/484],是, MUSIC 音乐,2 [14/110],,,,,,,,,,,一级
Museums & Social Issues-A Journal of Reflective Discourse,2025,1559-6893/2051-6193,否,否,否,ESCI,0.6,,艺术学,1 [21/484],是," HUMANITIES, MULTIDISCIPLINARY 人文科学",2 [24/406],,,,,,,,,,,一级
Museum Management and Curatorship,2025,0964-7775/1872-9185,否,否,否,AHCI,1.5,,艺术学,1 [22/484],是," HUMANITIES, MULTIDISCIPLINARY 人文科学",2 [25/406],,,,,,,,,,,一级
International Journal of Community Music,2025,1752-6299/1752-6302,否,否,否,AHCI,0.4,,艺术学,1 [23/484],是, MUSIC 音乐,2 [17/110],,,,,,,,,,,一级
DANCE RESEARCH JOURNAL,2025,0149-7677/1940-509X,否,否,否,AHCI,0.4,,艺术学,1 [24/484],是, DANCE 舞蹈,1 [1/10],,,,,,,,,,,一级
Projections-The Journal for Movies and Mind,2025,1934-9688/1934-9696,否,否,否,ESCI,0.5,,艺术学,1 [25/484],是," FILM, RADIO, TELEVISION 电影、广播、电视",1 [4/66],,,,,,,,,,,一级
Journal of Aesthetics & Culture,2025,2000-4214/2000-4214,否,否,是,ESCI,0.4,,艺术学,1 [26/484],是," HUMANITIES, MULTIDISCIPLINARY 人文科学",2 [28/406], CULTURAL STUDIES 文化研究,3 [21/59],,,,,,,,,一级
OPERA QUARTERLY,2025,0736-0053/1476-2870,否,否,否,AHCI,0.6,,艺术学,1 [27/484],是, MUSIC 音乐,2 [18/110],,,,,,,,,,,一级
MUSIC & LETTERS,2025,0027-4224/1477-4631,否,否,否,AHCI,0.3,,艺术学,1 [28/484],是, MUSIC 音乐,2 [19/110],,,,,,,,,,,一级
Studies in Documentary Film,2025,1750-3280/1750-3299,否,否,否,ESCI,0.5,,艺术学,1 [29/484],是," FILM, RADIO, TELEVISION 电影、广播、电视",1 [5/66],,,,,,,,,,,一级
Film-Philosophy,2025,1466-4615/1466-4615,否,否,是,AHCI,0.3,,艺术学,1 [30/484],是," FILM, RADIO, TELEVISION 电影、广播、电视",1 [6/66], PHILOSOPHY 哲学,3 [66/328],,,,,,,,,一级
Studies in Australasian Cinema,2025,1750-3175/1750-3183,否,否,否,ESCI,0.7,,艺术学,1 [31/484],是," FILM, RADIO, TELEVISION 电影、广播、电视",2 [7/66],,,,,,,,,,,一级
Twentieth-Century Music,2025,1478-5722/1478-5730,否,否,否,AHCI,0.3,,艺术学,1 [32/484],是, MUSIC 音乐,2 [20/110],,,,,,,,,,,一级
Rock Art Research,2025,0813-0426/0813-0426,否,否,否,AHCI,0.4,,艺术学,1 [33/484],是, ART 艺术,2 [10/144], ARCHAEOLOGY 考古学,3 [56/164],,,,,,,,,一级
MUSIC ANALYSIS,2025,0262-5245/1468-2249,否,否,否,AHCI,0.8,,艺术学,1 [34/484],是, MUSIC 音乐,2 [21/110],,,,,,,,,,,一级
EARLY MUSIC,2025,0306-1078/1741-7260,否,否,否,AHCI,0.2,,艺术学,1 [35/484],是, MUSIC 音乐,2 [22/110],,,,,,,,,,,一级
ACTA MUSICOLOGICA,2025,0001-6241,否,否,否,AHCI,0.5,,艺术学,1 [36/484],是, MUSIC 音乐,3 [23/110],,,,,,,,,,,一级
JOURNAL OF POPULAR FILM AND TELEVISION,2025,0195-6051/1930-6458,否,否,否,AHCI,0.4,,艺术学,2 [37/484],否," FILM, RADIO, TELEVISION 电影、广播、电视",2 [8/66],,,,,,,,,,,一级
Problemy Muzykalnoi Nauki-Music Scholarship,2025,2782-358X/2782-3598,否,否,是,ESCI,0.2,,艺术学,2 [38/484],是, MUSIC 音乐,3 [24/110],,,,,,,,,,,一级
Metal Music Studies,2025,2052-3998/2052-4005,否,否,否,ESCI,0.2,,艺术学,2 [39/484],否," HUMANITIES, MULTIDISCIPLINARY 人文科学",2 [44/406], MUSIC 音乐,3 [25/110], CULTURAL STUDIES 文化研究,4 [28/59],,,,,,,一级
Animation-An Interdisciplinary Journal,2025,1746-8477/1746-8485,否,否,否,AHCI,0.6,,艺术学,2 [40/484],是," FILM, RADIO, TELEVISION 电影、广播、电视",2 [9/66],,,,,,,,,,,一级
HISTORY OF PHOTOGRAPHY,2025,0308-7298/2150-7295,否,否,否,AHCI,0.2,,艺术学,2 [41/484],是, ART 艺术,2 [11/144],,,,,,,,,,,一级
Comedia Performance,2025,1553-6505/2572-4428,否,否,否,ESCI,0.3,,艺术学,2 [42/484],否," LITERATURE, ROMANCE 罗曼语系文学",1 [3/116], THEATER 戏剧,2 [5/49],,,,,,,,,一级
KONSTHISTORISK TIDSKRIFT,2025,0023-3609/1651-2294,否,否,否,AHCI,0.1,,艺术学,2 [43/484],否, ART 艺术,2 [12/144],,,,,,,,,,,一级
Sculpture Journal,2025,1366-2724/1756-9923,否,否,否,AHCI,0.1,,艺术学,2 [44/484],否, ART 艺术,2 [13/144],,,,,,,,,,,一级
ART HISTORY,2025,0141-6790/1467-8365,否,否,否,AHCI,0.4,,艺术学,2 [45/484],是, ART 艺术,2 [14/144],,,,,,,,,,,一级
THEATRE SURVEY,2025,0040-5574/1475-4533,否,否,否,AHCI,0.3,,艺术学,2 [46/484],否, THEATER 戏剧,2 [6/49],,,,,,,,,,,一级
THEATRE NOTEBOOK,2025,0040-5523/2051-8358,否,否,否,AHCI,0.5,,艺术学,2 [47/484],否, THEATER 戏剧,2 [7/49],,,,,,,,,,,一级
Philosophy of Music Education Review,2025,1063-5734/1543-3412,否,否,否,ESCI,0.2,,艺术学,2 [48/484],否, MUSIC 音乐,3 [26/110],,,,,,,,,,,一级
Popular Music,2025,0261-1430/1474-0095,否,否,否,AHCI,0.9,,艺术学,2 [49/484],是, MUSIC 音乐,3 [27/110],,,,,,,,,,,一级
Harold Pinter Review-Essays on Contemporary Drama,2025,2473-8433/2473-8441,否,否,否,ESCI,0.1,,艺术学,2 [50/484],否, THEATER 戏剧,2 [8/49],,,,,,,,,,,一级
Text and Performance Quarterly,2025,1046-2937/1479-5760,否,否,否,AHCI,0.4,,艺术学,2 [51/484],是," HUMANITIES, MULTIDISCIPLINARY 人文科学",2 [56/406],,,,,,,,,,,一级
Empirical Musicology Review,2025,1559-5749/1559-5749,否,否,是,ESCI,0.2,,艺术学,2 [52/484],是, MUSIC 音乐,3 [29/110],,,,,,,,,,,一级
Film Fashion & Consumption,2025,2044-2823/2044-2831,否,否,否,ESCI,0.3,,艺术学,2 [53/484],否," HUMANITIES, MULTIDISCIPLINARY 人文科学",2 [60/406],,,,,,,,,,,一级
Oido Pensante,2025,2250-7116/2250-7116,否,否,是,ESCI,0.3,,艺术学,2 [54/484],否, MUSIC 音乐,3 [30/110],,,,,,,,,,,一级
JCMS-Journal of Cinema and Media Studies,2025,2578-4900/2578-4919,否,否,否,AHCI,0.5,,艺术学,2 [55/484],是," FILM, RADIO, TELEVISION 电影、广播、电视",2 [12/66],,,,,,,,,,,一级
JOURNAL OF MUSICOLOGY,2025,0277-9269,否,否,否,AHCI,0.2,,艺术学,2 [56/484],否, MUSIC 音乐,3 [31/110],,,,,,,,,,,一级
SCREEN,2025,0036-9543/1460-2474,否,否,否,AHCI,0.4,,艺术学,2 [57/484],否," FILM, RADIO, TELEVISION 电影、广播、电视",2 [13/66],,,,,,,,,,,一级
Eikon Imago,2025,2254-8718/2254-8718,否,否,是,ESCI,0.1,,艺术学,2 [58/484],否, ART 艺术,2 [16/144],,,,,,,,,,,一级
International Journal of Cultural Property,2025,0940-7391/1465-7317,否,否,否,ESCI,1,,艺术学,2 [59/484],否," HUMANITIES, MULTIDISCIPLINARY 人文科学",2 [62/406],,,,,,,,,,,一级
ETHNOMUSICOLOGY,2025,0014-1836/2156-7417,否,否,否,AHCI,0.8,,艺术学,2 [60/484],否, MUSIC 音乐,3 [33/110],,,,,,,,,,,一级
Musicologist,2025,2618-5652/2618-5652,否,否,否,ESCI,0.2,,艺术学,2 [61/484],否, MUSIC 音乐,3 [34/110],,,,,,,,,,,一级
NINETEENTH CENTURY MUSIC,2025,0148-2076,否,否,否,AHCI,0.3,,艺术学,2 [62/484],否, MUSIC 音乐,3 [35/110],,,,,,,,,,,一级
EARLY MUSIC HISTORY,2025,0261-1279/1474-0559,否,否,否,AHCI,,,艺术学,2 [63/484],否, MUSIC 音乐,3 [37/110],,,,,,,,,,,一级
Journal of British Cinema and Television,2025,1743-4521/1755-1714,否,否,否,AHCI,0.2,,艺术学,2 [64/484],否," FILM, RADIO, TELEVISION 电影、广播、电视",2 [14/66],,,,,,,,,,,一级
Journal of Popular Television,2025,2046-9861/2046-987X,否,否,否,ESCI,0.5,,艺术学,2 [65/484],否," FILM, RADIO, TELEVISION 电影、广播、电视",3 [15/66],,,,,,,,,,,一级
TDR-The Drama Review-The Journal of Performance Studies,2025,1054-2043/1531-4715,否,否,否,AHCI,0.4,,艺术学,2 [66/484],否, THEATER 戏剧,2 [9/49],,,,,,,,,,,一级
Boletin del Museo Chileno de Arte Precolombino,2025,0716-1530/0718-6894,否,否,是,AHCI,0.2,,艺术学,2 [67/484],否, ART 艺术,2 [17/144], ARCHAEOLOGY 考古学,4 [70/164],,,,,,,,,一级
JOURNAL OF THE SOCIETY OF ARCHITECTURAL HISTORIANS,2025,0037-9808/2150-5926,否,否,否,AHCI,0.7,,艺术学,2 [68/484],否, ARCHITECTURE 建筑学,1 [3/94],,,,,,,,,,,一级
Sound Studies,2025,2055-1940/2055-1959,否,否,否,ESCI,0.4,,艺术学,2 [69/484],否," HUMANITIES, MULTIDISCIPLINARY 人文科学",3 [68/406],,,,,,,,,,,一级
Journal of Conservation and Museum Studies,2025,2049-4572/1364-0429,否,否,是,ESCI,0.4,,艺术学,2 [70/484],否," HUMANITIES, MULTIDISCIPLINARY 人文科学",3 [69/406],,,,,,,,,,,一级
ASIAN THEATRE JOURNAL,2025,0742-5457/1527-2109,否,否,否,AHCI,0.3,,艺术学,2 [71/484],否, THEATER 戏剧,2 [10/49], ASIAN STUDIES 亚洲研究,3 [32/102],,,,,,,,,一级
MITTEILUNGEN DES KUNSTHISTORISCHEN INSTITUTES IN FLORENZ,2025,0342-1201,否,否,否,AHCI,<0.1,,艺术学,2 [72/484],否, ART 艺术,2 [18/144],,,,,,,,,,,一级
Artibus et Historiae,2025,0391-9064,否,否,否,AHCI,<0.1,,艺术学,2 [73/484],否, ART 艺术,2 [19/144],,,,,,,,,,,一级
NOTES,2025,0027-4380/1534-150X,否,否,否,AHCI,0.3,,艺术学,2 [74/484],否, MUSIC 音乐,3 [38/110],,,,,,,,,,,二级
METROPOLITAN MUSEUM JOURNAL,2025,0077-8958/2169-3072,否,否,否,AHCI,0.3,,艺术学,2 [75/484],否, ART 艺术,2 [20/144],,,,,,,,,,,二级
French Screen Studies,2025,2643-8941/2643-895X,否,否,否,AHCI,0.5,,艺术学,2 [76/484],否," FILM, RADIO, TELEVISION 电影、广播、电视",3 [16/66],,,,,,,,,,,二级
Cambridge Opera Journal,2025,0954-5867/1474-0621,否,否,否,AHCI,0.1,,艺术学,2 [77/484],否, MUSIC 音乐,3 [39/110],,,,,,,,,,,二级
Curator-The Museum Journal,2025,0011-3069/2151-6952,否,否,否,AHCI,0.6,,艺术学,2 [78/484],否," HUMANITIES, MULTIDISCIPLINARY 人文科学",3 [80/406],,,,,,,,,,,二级
Archnet-IJAR International Journal of Architectural Research,2025,2631-6862/1938-7806,否,否,否,AHCI,2.2,,艺术学,2 [79/484],否, ARCHITECTURE 建筑学,1 [4/94],,,,,,,,,,,二级
JOURNAL OF THE WARBURG AND COURTAULD INSTITUTES,2025,0075-4390/2044-0014,否,否,否,AHCI,0.2,,艺术学,2 [80/484],否, ART 艺术,2 [22/144],,,,,,,,,,,二级
SCIRES-IT-SCIentific RESearch and Information Technology,2025,2239-4303/2239-4303,否,否,是,ESCI,1.1,,艺术学,2 [81/484],否," HUMANITIES, MULTIDISCIPLINARY 人文科学",3 [81/406],,,,,,,,,,,二级
Journal of Screenwriting,2025,1759-7137/1759-7145,否,否,否,AHCI,0.2,,艺术学,2 [82/484],否," FILM, RADIO, TELEVISION 电影、广播、电视",3 [17/66], LITERATURE 其他形式的文学,3 [49/199],,,,,,,,,二级
Journal of Architecture,2025,1360-2365/1466-4410,否,否,否,AHCI,0.8,,艺术学,2 [83/484],否, ARCHITECTURE 建筑学,2 [5/94],,,,,,,,,,,二级
Journal of the History of Collections,2025,0954-6650/1477-8564,否,否,否,AHCI,0.2,,艺术学,2 [84/484],否," HUMANITIES, MULTIDISCIPLINARY 人文科学",3 [86/406],,,,,,,,,,,二级
World of Music-New Series,2025,0043-8774,否,否,否,AHCI,0.3,,艺术学,2 [85/484],否, MUSIC 音乐,3 [40/110],,,,,,,,,,,二级
Music Sound and the Moving Image,2025,1753-0768/1753-0776,否,否,否,ESCI,0.2,,艺术学,2 [86/484],否," FILM, RADIO, TELEVISION 电影、广播、电视",3 [18/66],,,,,,,,,,,二级
Feminist Media Histories,2025,2373-7492/2373-7492,否,否,否,ESCI,1.1,,艺术学,2 [87/484],否," HUMANITIES, MULTIDISCIPLINARY 人文科学",3 [88/406], COMMUNICATION 传播学,4 [131/223], WOMENS STUDIES 女性研究,4 [36/66],,,,,,,二级
Journal of Italian Cinema and Media Studies,2025,2047-7368/2047-7376,否,否,否,ESCI,0.2,,艺术学,2 [88/484],否," FILM, RADIO, TELEVISION 电影、广播、电视",3 [19/66],,,,,,,,,,,二级
ASIAN MUSIC,2025,0044-9202/1553-5630,否,否,否,AHCI,0.2,,艺术学,2 [89/484],否, ASIAN STUDIES 亚洲研究,3 [38/102], MUSIC 音乐,3 [41/110],,,,,,,,,二级
CINEASTE,2025,0009-7004/0009-7004,否,否,否,AHCI,0.2,,艺术学,2 [90/484],否," FILM, RADIO, TELEVISION 电影、广播、电视",3 [20/66],,,,,,,,,,,二级
International Journal of Performance Arts and Digital Media,2025,1479-4713/2040-0934,否,否,否,ESCI,0.9,,艺术学,2 [91/484],否, THEATER 戏剧,2 [11/49],,,,,,,,,,,二级
Third Text,2025,0952-8822/1475-5297,否,否,否,AHCI,0.1,,艺术学,2 [92/484],否, ART 艺术,3 [23/144],,,,,,,,,,,二级
FONTES ARTIS MUSICAE,2025,0015-6191/2471-156X,否,否,否,AHCI,<0.1,,艺术学,2 [93/484],否, MUSIC 音乐,3 [42/110],,,,,,,,,,,二级
Studies in Russian and Soviet Cinema,2025,1750-3132/1750-3140,否,否,否,ESCI,0.4,,艺术学,2 [94/484],否," FILM, RADIO, TELEVISION 电影、广播、电视",3 [21/66],,,,,,,,,,,二级
WORD & IMAGE,2025,0266-6286/1943-2178,否,否,否,AHCI,0.1,,艺术学,2 [95/484],否," HUMANITIES, MULTIDISCIPLINARY 人文科学",3 [94/406],,,,,,,,,,,二级
Research in Dance Education,2025,1464-7893/1470-1111,否,否,否,AHCI,0.9,,艺术学,2 [96/484],否, DANCE 舞蹈,2 [2/10],,,,,,,,,,,二级
New Review of Film and Television Studies,2025,1740-0309/1740-7923,否,否,否,AHCI,0.5,,艺术学,2 [97/484],否," FILM, RADIO, TELEVISION 电影、广播、电视",3 [22/66],,,,,,,,,,,二级
Open Library of Humanities,2025,2056-6700/2056-6700,否,否,是,ESCI,0.4,,艺术学,2 [98/484],否," HUMANITIES, MULTIDISCIPLINARY 人文科学",3 [96/406],,,,,,,,,,,二级
NEW THEATRE QUARTERLY,2025,0266-464X/1474-0613,否,否,否,AHCI,0.2,,艺术学,2 [99/484],否, THEATER 戏剧,2 [12/49],,,,,,,,,,,二级
RIDE-The Journal of Applied Theatre and Performance,2025,1356-9783/1470-112X,否,否,否,SSCI;AHCI,0.3,,艺术学,2 [100/484],否, THEATER 戏剧,3 [13/49], EDUCATION & EDUCATIONAL RESEARCH 教育学和教育研究,4 [416/754],,,,,,,,,二级
Critical Studies in Television,2025,1749-6020/1749-6039,否,否,否,AHCI,1.1,,艺术学,2 [101/484],否," FILM, RADIO, TELEVISION 电影、广播、电视",3 [23/66],,,,,,,,,,,二级
Itineraria,2025,1594-1019/1594-1019,否,否,否,ESCI,<0.1,,艺术学,2 [102/484],否," HUMANITIES, MULTIDISCIPLINARY 人文科学",3 [100/406],,,,,,,,,,,二级
Journal of Design History,2025,0952-4649/1741-7279,否,否,否,AHCI,0.4,,艺术学,2 [103/484],否, ART 艺术,3 [24/144],,,,,,,,,,,二级
MODERN DRAMA,2025,0026-7694/1712-5286,否,否,否,AHCI,0.1,,艺术学,2 [104/484],否, THEATER 戏剧,3 [14/49],,,,,,,,,,,二级
Home Cultures,2025,1740-6315/1751-7427,否,否,否,AHCI,0.4,,艺术学,2 [105/484],否, ARCHITECTURE 建筑学,2 [9/94],,,,,,,,,,,二级
Wacana Seni-Journal of Art Discourse,2025,1675-3410/1985-8418,否,否,否,ESCI,0.5,,艺术学,2 [106/484],否," HUMANITIES, MULTIDISCIPLINARY 人文科学",3 [102/406],,,,,,,,,,,二级
ARCHIVES OF ASIAN ART,2025,0066-6637/1944-6497,否,否,否,AHCI,0.3,,艺术学,2 [107/484],否, ART 艺术,3 [25/144], ASIAN STUDIES 亚洲研究,3 [43/102],,,,,,,,,二级
OUD HOLLAND,2025,1875-0176/1875-0176,否,否,否,AHCI,0.3,,艺术学,2 [108/484],否, ART 艺术,3 [26/144],,,,,,,,,,,二级
Music Theory Online,2025,1067-3040/1067-3040,否,否,是,AHCI,0.6,,艺术学,2 [109/484],否, MUSIC 音乐,3 [43/110],,,,,,,,,,,二级
Muzikologija-Musicology,2025,1450-9814/2406-0976,否,否,是,ESCI,0.2,,艺术学,2 [110/484],否, MUSIC 音乐,3 [44/110],,,,,,,,,,,二级
BURLINGTON MAGAZINE,2025,0007-6287/2044-9925,否,否,否,AHCI,0.2,,艺术学,2 [111/484],否, ART 艺术,3 [28/144],,,,,,,,,,,二级
Studies in Eastern European Cinema,2025,2040-350X/2040-3518,否,否,否,ESCI,0.4,,艺术学,3 [112/484],否," FILM, RADIO, TELEVISION 电影、广播、电视",3 [24/66],,,,,,,,,,,二级
Nineteenth-Century Music Review,2025,1479-4098/2044-8414,否,否,否,AHCI,0.4,,艺术学,3 [113/484],否, MUSIC 音乐,3 [45/110],,,,,,,,,,,二级
Grey Room,2025,1526-3819/1536-0105,否,否,否,AHCI,0.4,,艺术学,3 [114/484],否," HUMANITIES, MULTIDISCIPLINARY 人文科学",3 [107/406],,,,,,,,,,,二级
JOURNAL OF MUSICOLOGICAL RESEARCH,2025,0141-1896/1547-7304,否,否,否,AHCI,0.4,,艺术学,3 [115/484],否, MUSIC 音乐,3 [46/110],,,,,,,,,,,二级
Choreographic Practices,2025,2040-5669/2040-5677,否,否,否,ESCI,0.2,,艺术学,3 [116/484],否, DANCE 舞蹈,3 [3/10],,,,,,,,,,,二级
BULLETIN OF THE COUNCIL FOR RESEARCH IN MUSIC EDUCATION,2025,0010-9894/2162-7223,否,否,否,AHCI,0.4,,艺术学,3 [117/484],否, MUSIC 音乐,3 [47/110],,,,,,,,,,,二级
RACAR-REVUE D ART CANADIENNE-CANADIAN ART REVIEW,2025,0315-9906/1918-4778,否,否,否,ESCI,0.2,,艺术学,3 [118/484],否, ART 艺术,3 [29/144],,,,,,,,,,,二级
ARTIBUS ASIAE,2025,0004-3648,否,否,否,AHCI,0.1,,艺术学,3 [119/484],否, ART 艺术,3 [30/144], ASIAN STUDIES 亚洲研究,3 [46/102],,,,,,,,,二级
JOURNAL OF AESTHETIC EDUCATION,2025,0021-8510/1543-7809,否,否,否,AHCI,0.7,,艺术学,3 [120/484],否," HUMANITIES, MULTIDISCIPLINARY 人文科学",3 [108/406],,,,,,,,,,,二级
Images,2025,1871-7993/1871-8000,否,否,否,ESCI,0.8,,艺术学,3 [121/484],否, ART 艺术,3 [31/144],,,,,,,,,,,二级
American Art,2025,1073-9300/1549-6503,否,否,否,AHCI,0.2,,艺术学,3 [122/484],否, ART 艺术,3 [32/144],,,,,,,,,,,二级
Muziki-Journal of Music Research in Africa,2025,1812-5980/1753-593X,否,否,否,ESCI,0.8,,艺术学,3 [123/484],否, MUSIC 音乐,3 [48/110],,,,,,,,,,,二级
Framework-The Journal of Cinema and Media,2025,0306-7661/1559-7989,否,否,否,ESCI,0.6,,艺术学,3 [124/484],否," FILM, RADIO, TELEVISION 电影、广播、电视",3 [25/66],,,,,,,,,,,二级
NJ-Drama Australia Journal,2025,1445-2294/2200-775X,否,否,否,ESCI,,,艺术学,3 [125/484],否, THEATER 戏剧,3 [16/49],,,,,,,,,,,二级
OXFORD ART JOURNAL,2025,0142-6540/1741-7287,否,否,否,AHCI,0.3,,艺术学,3 [126/484],否, ART 艺术,3 [33/144],,,,,,,,,,,二级
Stanislavski Studies,2025,2056-7790/2054-4170,否,否,否,ESCI,0.1,,艺术学,3 [127/484],否, THEATER 戏剧,3 [17/49],,,,,,,,,,,二级
Zibaldone-Estudios Italianos de La Torre del Virrey,2025,2255-3576/2255-3576,否,否,是,ESCI,<0.1,,艺术学,3 [128/484],否," HUMANITIES, MULTIDISCIPLINARY 人文科学",3 [114/406],,,,,,,,,,,二级
Cuadernos de Musica Artes Visuales y Artes Escenicas,2025,1794-6670/2215-9959,否,否,否,ESCI,0.2,,艺术学,3 [129/484],否," HUMANITIES, MULTIDISCIPLINARY 人文科学",3 [116/406],,,,,,,,,,,二级
MUSICAL TIMES,2025,0027-4666/0027-4666,否,否,否,AHCI,0.1,,艺术学,3 [130/484],否, MUSIC 音乐,3 [50/110],,,,,,,,,,,二级
Early Popular Visual Culture,2025,1746-0654/1746-0662,否,否,否,AHCI,0.1,,艺术学,3 [131/484],否," HUMANITIES, MULTIDISCIPLINARY 人文科学",3 [120/406],,,,,,,,,,,二级
CONTEMPORARY THEATRE REVIEW,2025,1048-6801/1477-2264,否,否,否,AHCI,0.3,,艺术学,3 [132/484],否, THEATER 戏剧,3 [18/49],,,,,,,,,,,二级
Taida Journal of Art History,2025,1023-2095,否,否,否,AHCI,0.2,,艺术学,3 [133/484],否, ART 艺术,3 [34/144],,,,,,,,,,,二级
Journal of Interior Design,2025,1071-7641/1939-1668,否,否,否,AHCI,1.2,,艺术学,3 [134/484],否, ARCHITECTURE 建筑学,2 [10/94],,,,,,,,,,,二级
Journal of Illustration,2025,2052-0204/2052-0212,否,否,否,ESCI,0.1,,艺术学,3 [135/484],否, ART 艺术,3 [35/144],,,,,,,,,,,二级
Contemporary Music Review,2025,0749-4467/1477-2256,否,否,否,AHCI,0.1,,艺术学,3 [136/484],否, MUSIC 音乐,4 [51/110],,,,,,,,,,,二级
Fashion Theory-The Journal of Dress Body & Culture,2025,1362-704X/1751-7419,否,否,否,AHCI,1.2,,艺术学,3 [137/484],否," HUMANITIES, MULTIDISCIPLINARY 人文科学",3 [122/406],,,,,,,,,,,二级
Early Theatre,2025,1206-9078/1206-9078,否,否,否,ESCI,0.1,,艺术学,3 [138/484],否, THEATER 戏剧,3 [19/49],,,,,,,,,,,二级
Netherlands Yearbook for History of Art-Nederlands Kunsthistorisch Jaarboek,2025,0169-6726/2214-5966,否,否,否,AHCI,0.2,,艺术学,3 [139/484],否, ART 艺术,3 [36/144],,,,,,,,,,,二级
CINEJ Cinema Journal,2025,2159-2411/2158-8724,否,否,是,ESCI,0.2,,艺术学,3 [140/484],否," FILM, RADIO, TELEVISION 电影、广播、电视",3 [26/66],,,,,,,,,,,二级
Ethnomusicology Forum,2025,1741-1912/1741-1920,否,否,否,AHCI,0.5,,艺术学,3 [141/484],否, MUSIC 音乐,4 [52/110],,,,,,,,,,,二级
Architektura & Urbanizmus,2025,0044-8680,否,否,是,AHCI,0.2,,艺术学,3 [142/484],否, ARCHITECTURE 建筑学,2 [11/94],,,,,,,,,,,二级
Arts,2025,2076-0752/2076-0752,否,否,是,ESCI,0.3,,艺术学,3 [143/484],否," HUMANITIES, MULTIDISCIPLINARY 人文科学",3 [128/406],,,,,,,,,,,二级
Arte Individuo y Sociedad,2025,1131-5598/1988-2408,否,否,是,AHCI,0.4,,艺术学,3 [144/484],否, ART 艺术,3 [37/144],,,,,,,,,,,二级
Trans-Revista Transcultural de Musica,2025,1697-0101/1697-0101,否,否,否,ESCI,<0.1,,艺术学,3 [145/484],否, MUSIC 音乐,4 [53/110],,,,,,,,,,,二级
PRINT QUARTERLY,2025,0265-8305,否,否,否,AHCI,0.1,,艺术学,3 [146/484],否, ART 艺术,3 [38/144],,,,,,,,,,,二级
Design and Culture,2025,1754-7075/1754-7083,否,否,否,AHCI,0.7,,艺术学,3 [147/484],否, ART 艺术,3 [39/144],,,,,,,,,,,二级
Danza e Ricerca-Laboratorio di Studi Scritture Visioni,2025,2036-1599/2036-1599,否,否,是,ESCI,0.1,,艺术学,3 [148/484],否, DANCE 舞蹈,3 [4/10],,,,,,,,,,,二级
Journal of African Cinemas,2025,1754-9221/1754-923X,否,否,否,ESCI,0.1,,艺术学,3 [149/484],否," FILM, RADIO, TELEVISION 电影、广播、电视",3 [28/66],,,,,,,,,,,二级
ZEITSCHRIFT FUR KUNSTGESCHICHTE,2025,0044-2992/2569-1619,否,否,否,AHCI,0.1,,艺术学,3 [150/484],否, ART 艺术,3 [40/144],,,,,,,,,,,二级
Journal of Scandinavian Cinema,2025,2042-7891/2042-7905,否,否,否,ESCI,0.1,,艺术学,3 [151/484],否," FILM, RADIO, TELEVISION 电影、广播、电视",3 [29/66],,,,,,,,,,,二级
ARTMargins,2025,2162-2574/2162-2582,否,否,否,AHCI,0.3,,艺术学,3 [152/484],否, ART 艺术,3 [41/144],,,,,,,,,,,二级
Museum Worlds,2025,2049-6729/2049-6737,否,否,是,ESCI,0.6,,艺术学,3 [153/484],否, ART 艺术,3 [42/144],,,,,,,,,,,二级
Visual Resources,2025,0197-3762/1477-2809,否,否,否,ESCI,0.1,,艺术学,3 [154/484],否, ART 艺术,3 [43/144],,,,,,,,,,,二级
Journal of Popular Music Studies,2025,1524-2226/1533-1598,否,否,否,AHCI,0.3,,艺术学,3 [155/484],否, MUSIC 音乐,4 [54/110],,,,,,,,,,,二级
AMERICAN MUSIC,2025,0734-4392/1945-2349,否,否,否,AHCI,0.2,,艺术学,3 [156/484],否, MUSIC 音乐,4 [55/110],,,,,,,,,,,二级
FILM QUARTERLY,2025,0015-1386/1533-8630,否,否,否,AHCI,0.9,,艺术学,3 [157/484],否," FILM, RADIO, TELEVISION 电影、广播、电视",3 [30/66],,,,,,,,,,,二级
Jewish Film & New Media-An International Journal,2025,2169-0324/2169-0332,否,否,否,ESCI,<0.1,,艺术学,3 [158/484],否," FILM, RADIO, TELEVISION 电影、广播、电视",3 [31/66],,,,,,,,,,,二级
Studies in European Cinema,2025,1741-1548/2040-0594,否,否,否,ESCI,0.2,,艺术学,3 [159/484],否," FILM, RADIO, TELEVISION 电影、广播、电视",3 [32/66],,,,,,,,,,,二级
Revista de Musicologia,2025,0210-1459/0210-1459,否,否,否,ESCI,0.1,,艺术学,3 [160/484],否, MUSIC 音乐,4 [56/110],,,,,,,,,,,二级
Film History,2025,0892-2160/1553-3905,否,否,否,ESCI,0.1,,艺术学,3 [161/484],否," FILM, RADIO, TELEVISION 电影、广播、电视",3 [33/66],,,,,,,,,,,二级
SOURCE-NOTES IN THE HISTORY OF ART,2025,0737-4453/2328-207X,否,否,否,AHCI,0.2,,艺术学,3 [162/484],否, ART 艺术,3 [44/144],,,,,,,,,,,二级
PROSPETTIVA-RIVISTA DI STORIA DELL ARTE ANTICA E MODERNA,2025,0394-0802/2239-7205,否,否,否,AHCI,,,艺术学,3 [163/484],否, ART 艺术,3 [45/144],,,,,,,,,,,二级
ART JOURNAL,2025,0004-3249/2325-5307,否,否,否,AHCI,0.3,,艺术学,3 [164/484],否, ART 艺术,3 [46/144],,,,,,,,,,,二级
Journal of Contemporary Drama in English,2025,2195-0156/2195-0164,否,否,否,ESCI,0.2,,艺术学,3 [165/484],否, THEATER 戏剧,3 [21/49],,,,,,,,,,,二级
South African Theatre Journal,2025,1013-7548/2163-7660,否,否,否,ESCI,0.2,,艺术学,3 [166/484],否, THEATER 戏剧,3 [22/49],,,,,,,,,,,二级
MUSICAL QUARTERLY,2025,0027-4631/1741-8399,否,否,否,AHCI,0.4,,艺术学,3 [167/484],否, MUSIC 音乐,4 [58/110],,,,,,,,,,,二级
DIGITAL CREATIVITY,2025,1462-6268/1744-3806,否,否,否,AHCI,2.7,,艺术学,3 [168/484],否, ART 艺术,3 [47/144],,,,,,,,,,,二级
Studies in Musical Theatre,2025,1750-3159/1750-3167,否,否,否,ESCI,0.1,,艺术学,3 [169/484],否, THEATER 戏剧,3 [23/49],,,,,,,,,,,二级
OCTOBER,2025,0162-2870/1536-013X,否,否,否,AHCI,0.3,,艺术学,3 [170/484],否," HUMANITIES, MULTIDISCIPLINARY 人文科学",4 [151/406],,,,,,,,,,,二级
Heranca-Revista de Historia Patrimonio e Cultura,2025,2184-3090/2184-3090,否,否,是,ESCI,0.5,,艺术学,3 [171/484],否," HUMANITIES, MULTIDISCIPLINARY 人文科学",4 [152/406],,,,,,,,,,,二级
Organised Sound,2025,1355-7718/1469-8153,否,否,否,AHCI,0.5,,艺术学,3 [172/484],否, MUSIC 音乐,4 [59/110],,,,,,,,,,,二级
JOURNAL OF THE AMERICAN INSTITUTE FOR CONSERVATION,2025,0197-1360/1945-2330,否,否,否,AHCI,0.6,,艺术学,3 [173/484],否," HUMANITIES, MULTIDISCIPLINARY 人文科学",4 [156/406],,,,,,,,,,,二级
Eighteenth-Century Music,2025,1478-5706/1478-5714,否,否,否,AHCI,0.4,,艺术学,3 [174/484],否, MUSIC 音乐,4 [60/110],,,,,,,,,,,二级
Dance Research,2025,0264-2875/1750-0095,否,否,否,AHCI,0.4,,艺术学,3 [175/484],否, DANCE 舞蹈,3 [5/10],,,,,,,,,,,二级
Anales de Historia del Arte,2025,0214-6452/1988-2491,否,否,是,ESCI,0.2,,艺术学,3 [176/484],否, ART 艺术,4 [48/144],,,,,,,,,,,二级
Journal of Historical Research in Music Education,2025,1536-6006/2328-2525,否,否,否,ESCI,0.5,,艺术学,3 [177/484],否, MUSIC 音乐,4 [61/110],,,,,,,,,,,二级
Revista Musical Chilena,2025,0716-2790/0717-6252,否,否,是,AHCI,0.2,,艺术学,3 [178/484],否, MUSIC 音乐,4 [62/110],,,,,,,,,,,二级
Zbornik Matice Srpske za Likovne Umetnosti-Matica Srpska Journal for Fine Arts,2025,0352-6844/0352-6844,否,否,否,ESCI,0.2,,艺术学,3 [179/484],否, ART 艺术,4 [49/144],,,,,,,,,,,二级
Architecture and Culture,2025,2050-7828/2050-7836,否,否,否,ESCI,1.8,,艺术学,3 [180/484],否, ARCHITECTURE 建筑学,2 [13/94],,,,,,,,,,,二级
Studies in Spanish & Latin American Cinemas,2025,2050-4837/2050-4845,否,否,否,ESCI,0.1,,艺术学,3 [181/484],否," FILM, RADIO, TELEVISION 电影、广播、电视",4 [35/66],,,,,,,,,,,二级
JOURNAL OF THE ROYAL MUSICAL ASSOCIATION,2025,0269-0403/1471-6933,否,否,否,AHCI,0.5,,艺术学,3 [182/484],否, MUSIC 音乐,4 [63/110],,,,,,,,,,,二级
Fotocinema-Revista Cientifica de Cine y Fotografia,2025,2172-0150/2172-0150,否,否,是,ESCI,0.2,,艺术学,3 [183/484],否, ART 艺术,4 [50/144]," FILM, RADIO, TELEVISION 电影、广播、电视",4 [36/66],,,,,,,,,二级
Hispanic Research Journal-Iberian and Latin American Studies,2025,1468-2737/1745-820X,否,否,否,AHCI,0.1,,艺术学,3 [184/484],否," HUMANITIES, MULTIDISCIPLINARY 人文科学",4 [166/406],,,,,,,,,,,二级
THEATRE RESEARCH INTERNATIONAL,2025,0307-8833/1474-0672,否,否,否,AHCI,0.5,,艺术学,3 [185/484],否, THEATER 戏剧,3 [24/49],,,,,,,,,,,二级
Journal of Contemporary Chinese Art,2025,2051-7041/2051-705X,否,否,否,ESCI,0.1,,艺术学,3 [186/484],否, ART 艺术,4 [51/144],,,,,,,,,,,二级
Baltic Journal of Art History,2025,1736-8812/2346-5581,否,否,否,ESCI,<0.1,,艺术学,3 [187/484],否, ART 艺术,4 [52/144],,,,,,,,,,,二级
JOURNAL OF FILM AND VIDEO,2025,0742-4671/1934-6018,否,否,否,AHCI,0.4,,艺术学,3 [188/484],否," FILM, RADIO, TELEVISION 电影、广播、电视",4 [37/66],,,,,,,,,,,二级
DANCE CHRONICLE,2025,0147-2526/1532-4257,否,否,否,AHCI,0.5,,艺术学,3 [189/484],否, DANCE 舞蹈,3 [6/10],,,,,,,,,,,二级
Change Over Time-An International Journal of Conservation and the Built Environment,2025,2153-053X/2153-0548,否,否,否,AHCI,,,艺术学,3 [190/484],否, ARCHITECTURE 建筑学,2 [14/94],,,,,,,,,,,二级
AFRICAN ARTS,2025,0001-9933/1937-2108,否,否,否,AHCI,0.4,,艺术学,3 [191/484],否, ART 艺术,4 [53/144],,,,,,,,,,,二级
COMPARATIVE DRAMA,2025,0010-4078/1936-1637,否,否,否,AHCI,0.2,,艺术学,3 [192/484],否, THEATER 戏剧,3 [25/49],,,,,,,,,,,二级
Muzeologia a Kulturne Dedicstvo-Museology and Cultural Heritage,2025,1339-2204/2453-9759,否,否,是,ESCI,0.7,,艺术学,3 [193/484],否," HUMANITIES, MULTIDISCIPLINARY 人文科学",4 [168/406],,,,,,,,,,,二级
Asian Cinema,2025,1059-440X/2049-6710,否,否,否,ESCI,<0.1,,艺术学,3 [194/484],否," FILM, RADIO, TELEVISION 电影、广播、电视",4 [38/66],,,,,,,,,,,二级
STUDIES IN THE HISTORY OF GARDENS & DESIGNED LANDSCAPES,2025,1460-1176/1943-2186,否,否,否,AHCI,0.2,,艺术学,3 [195/484],否, ARCHITECTURE 建筑学,3 [15/94],,,,,,,,,,,二级
TEMPO,2025,0040-2982/1478-2286,否,否,否,AHCI,0.2,,艺术学,3 [196/484],否, MUSIC 音乐,4 [64/110],,,,,,,,,,,二级
BACH,2025,0005-3600/0005-3600,否,否,否,AHCI,0.1,,艺术学,3 [197/484],否, MUSIC 音乐,4 [65/110],,,,,,,,,,,二级
Getty Research Journal,2025,1944-8740/2329-1249,否,否,否,AHCI,0.1,,艺术学,3 [198/484],否, ART 艺术,4 [55/144],,,,,,,,,,,二级
Arthur Miller Journal,2025,1558-8831/2333-3154,否,否,否,ESCI,0.3,,艺术学,3 [199/484],否, THEATER 戏剧,3 [26/49],,,,,,,,,,,二级
Ars Adriatica,2025,1848-1590/1848-7459,否,否,是,ESCI,<0.1,,艺术学,3 [200/484],否, ART 艺术,4 [56/144],,,,,,,,,,,二级
Muzikoloski Zbornik,2025,0580-373X/2350-4242,否,否,是,AHCI,0.1,,艺术学,3 [201/484],否, MUSIC 音乐,4 [66/110],,,,,,,,,,,二级
Studia Musicologica,2025,1788-6244/1789-2422,否,否,否,AHCI,0.1,,艺术学,3 [202/484],否, MUSIC 音乐,4 [67/110],,,,,,,,,,,二级
VLC Arquitectura-Research Journal,2025,2341-3050/2341-2747,否,否,是,ESCI,0.2,,艺术学,3 [203/484],否, ARCHITECTURE 建筑学,3 [17/94],,,,,,,,,,,二级
Journal of the Society for American Music,2025,1752-1963/1752-1971,否,否,否,AHCI,0.2,,艺术学,3 [204/484],否, MUSIC 音乐,4 [68/110],,,,,,,,,,,二级
Applied Theatre Research,2025,2049-3010/2049-3029,否,否,否,ESCI,0.3,,艺术学,3 [205/484],否, THEATER 戏剧,3 [27/49],,,,,,,,,,,二级
Horror Studies,2025,2040-3275/2040-3283,否,否,否,ESCI,0.2,,艺术学,3 [206/484],否," HUMANITIES, MULTIDISCIPLINARY 人文科学",4 [182/406],,,,,,,,,,,二级
Architectural Histories,2025,2050-5833/2050-5833,否,否,是,ESCI,0.3,,艺术学,3 [207/484],否, ARCHITECTURE 建筑学,3 [18/94],,,,,,,,,,,二级
WOMANS ART JOURNAL,2025,0270-7993/2158-8457,否,否,否,AHCI,0.1,,艺术学,3 [208/484],否, ART 艺术,4 [57/144],,,,,,,,,,,二级
Vestnik Sankt-Peterburgskogo Universiteta-Iskusstvovedenie,2025,2221-3007/2542-2243,否,否,否,ESCI,0.1,,艺术学,3 [209/484],否," HUMANITIES, MULTIDISCIPLINARY 人文科学",4 [184/406],,,,,,,,,,,二级
Journal of Science and Technology of the Arts,2025,1646-9798/2183-0088,否,否,是,ESCI,0.2,,艺术学,3 [210/484],否," HUMANITIES, MULTIDISCIPLINARY 人文科学",4 [185/406],,,,,,,,,,,二级
ArtCultura-Revista de Historia Cultura e Arte,2025,1516-8603/2178-3845,否,否,是,ESCI,0.1,,艺术学,3 [211/484],否," HUMANITIES, MULTIDISCIPLINARY 人文科学",4 [186/406],,,,,,,,,,,二级
Bibliofilia,2025,0006-0941/2035-6110,否,否,否,ESCI,,,艺术学,3 [212/484],否," HUMANITIES, MULTIDISCIPLINARY 人文科学",4 [187/406],,,,,,,,,,,二级
Ekphrasis-Images Cinema Theory Media,2025,2067-631X/2559-2068,否,否,否,ESCI,0.1,,艺术学,3 [213/484],否," FILM, RADIO, TELEVISION 电影、广播、电视",4 [40/66],,,,,,,,,,,二级
European Journal of Media Art and Photography,2025,1339-4940/1339-4940,否,否,否,ESCI,0.2,,艺术学,3 [214/484],否, ART 艺术,4 [58/144],,,,,,,,,,,二级
Saggiatore Musicale,2025,1123-8615/2035-6706,否,否,否,ESCI,,,艺术学,3 [215/484],否, MUSIC 音乐,4 [69/110],,,,,,,,,,,二级
RIVISTA ITALIANA DI MUSICOLOGIA,2025,0035-6867/2036-5586,否,否,否,AHCI,0.1,,艺术学,3 [216/484],否, MUSIC 音乐,4 [70/110],,,,,,,,,,,二级
Art Documentation,2025,0730-7187/2161-9417,否,否,否,ESCI,0.2,,艺术学,3 [217/484],否, ART 艺术,4 [59/144],,,,,,,,,,,二级
Dress-The Journal of the Costume Society of America,2025,0361-2112/2042-1729,否,否,否,AHCI,0.3,,艺术学,3 [218/484],否," HUMANITIES, MULTIDISCIPLINARY 人文科学",4 [191/406],,,,,,,,,,,二级
Intrecci d Arte,2025,2240-7251/2240-7251,否,否,是,ESCI,<0.1,,艺术学,3 [219/484],否, ART 艺术,4 [60/144],,,,,,,,,,,二级
STUDIES IN LATIN AMERICAN POPULAR CULTURE,2025,0730-9139,否,否,否,AHCI,0.1,,艺术学,3 [220/484],否," HUMANITIES, MULTIDISCIPLINARY 人文科学",4 [193/406],,,,,,,,,,,二级
HUDEBNI VEDA,2025,0018-7003/2694-6998,否,否,否,AHCI,0.2,,艺术学,3 [221/484],否, MUSIC 音乐,4 [71/110],,,,,,,,,,,二级
Drama Therapy Review,2025,2054-7668/2054-7676,否,否,否,ESCI,0.5,,艺术学,3 [222/484],否, THEATER 戏剧,3 [28/49],,,,,,,,,,,二级
Resonancias,2025,0717-3474/0719-5702,否,否,是,AHCI,0.3,,艺术学,3 [223/484],否, MUSIC 音乐,4 [72/110],,,,,,,,,,,二级
Studi Musicali-Nuova Serie,2025,0391-7789/2037-6413,否,否,否,AHCI,0.2,,艺术学,3 [224/484],否, MUSIC 音乐,4 [73/110],,,,,,,,,,,二级
Journal of the Institute of Conservation,2025,1945-5224/1945-5232,否,否,否,ESCI,1,,艺术学,3 [225/484],否," HUMANITIES, MULTIDISCIPLINARY 人文科学",4 [194/406],,,,,,,,,,,二级
REVUE DE MUSICOLOGIE,2025,0035-1601,否,否,否,AHCI,0.1,,艺术学,3 [226/484],否, MUSIC 音乐,4 [74/110],,,,,,,,,,,二级
Nexus Network Journal,2025,1590-5896/1522-4600,否,否,否,AHCISCIE,0.7,,艺术学,3 [227/484],否, ARCHITECTURE 建筑学,3 [19/94], HISTORY & PHILOSOPHY OF SCIENCE 科学史与科学哲学,4 [68/105],,,,,,,,,二级
Theatre Dance and Performance Training,2025,1944-3927/1944-3919,否,否,否,AHCI,0.3,,艺术学,3 [228/484],否, THEATER 戏剧,3 [29/49], DANCE 舞蹈,4 [7/10],,,,,,,,,二级
Arti Musices,2025,0587-5455/1848-9303,否,否,是,AHCI,0.1,,艺术学,3 [229/484],否, MUSIC 音乐,4 [75/110],,,,,,,,,,,二级
Eidola-International Journal of Classical Art History,2025,1824-6192/1826-719X,否,否,否,ESCI,<0.1,,艺术学,3 [230/484],否, ART 艺术,4 [61/144],,,,,,,,,,,二级
Landscape Journal,2025,0277-2426/1553-2704,否,否,否,ESCI,1.4,,艺术学,3 [231/484],否, ARCHITECTURE 建筑学,3 [20/94],,,,,,,,,,,二级
STORIA DELL ARTE,2025,0392-4513,否,否,否,AHCI,<0.1,,艺术学,3 [232/484],否, ART 艺术,4 [62/144],,,,,,,,,,,二级
Rijksmuseum Bulletin,2025,1877-8127,否,否,是,AHCI,0.1,,艺术学,3 [233/484],否, ART 艺术,4 [63/144],,,,,,,,,,,二级
Espacio Tiempo y Forma Serie VII-Historia del Arte,2025,1130-4715/2340-1478,否,否,是,ESCI,0.2,,艺术学,3 [234/484],否, ART 艺术,4 [64/144],,,,,,,,,,,二级
Boletin de Arte-UMA,2025,0211-8483/0211-8483,否,否,是,ESCI,0.1,,艺术学,3 [235/484],否, ART 艺术,4 [65/144],,,,,,,,,,,二级
Musicology Today,2025,1734-1663/2353-5733,否,否,否,ESCI,0.1,,艺术学,3 [236/484],否, MUSIC 音乐,4 [76/110],,,,,,,,,,,二级
Journal of Adaptation in Film & Performance,2025,1753-6421/1753-643X,否,否,否,ESCI,0.2,,艺术学,3 [237/484],否," HUMANITIES, MULTIDISCIPLINARY 人文科学",4 [204/406],,,,,,,,,,,二级
Acta Universitatis Sapientiae-Film and Media Studies,2025,2065-5924/2066-7779,否,否,是,ESCI,0.2,,艺术学,3 [238/484],否," FILM, RADIO, TELEVISION 电影、广播、电视",4 [42/66],,,,,,,,,,,二级
MASTER DRAWINGS,2025,0025-5025,否,否,否,AHCI,0.1,,艺术学,3 [239/484],否, ART 艺术,4 [66/144],,,,,,,,,,,二级
ARS Orientalis,2025,0571-1371,否,否,否,AHCI,0.1,,艺术学,3 [240/484],否, ART 艺术,4 [67/144], ASIAN STUDIES 亚洲研究,4 [77/102],,,,,,,,,二级
Ars Judaica-The Bar Ilan Journal of Jewish Art,2025,1565-6721/2516-4252,否,否,否,ESCI,<0.1,,艺术学,3 [241/484],否, ART 艺术,4 [68/144],,,,,,,,,,,二级
Con A de Animacion,2025,2173-6049/2173-3511,否,否,是,ESCI,0.3,,艺术学,3 [242/484],否," FILM, RADIO, TELEVISION 电影、广播、电视",4 [43/66],,,,,,,,,,,二级
Buildings & Landscapes-Journal of the Vernacular Architecture Forum,2025,1936-0886/1934-6832,否,否,否,AHCI,0.2,,艺术学,3 [243/484],否, ARCHITECTURE 建筑学,3 [22/94],,,,,,,,,,,二级
MUSIKTHEORIE,2025,0177-4182,否,否,否,AHCI,<0.1,,艺术学,3 [244/484],否, MUSIC 音乐,4 [77/110],,,,,,,,,,,二级
Journal of Chinese Cinemas,2025,1750-8061/1750-807X,否,否,否,AHCI,0.4,,艺术学,3 [245/484],否," FILM, RADIO, TELEVISION 电影、广播、电视",4 [44/66],,,,,,,,,,,二级
Journal of Music Technology & Education,2025,1752-7066/1752-7074,否,否,否,ESCI,<0.1,,艺术学,3 [246/484],否, MUSIC 音乐,4 [78/110],,,,,,,,,,,二级
WINTERTHUR PORTFOLIO-A JOURNAL OF AMERICAN MATERIAL CULTURE,2025,0084-0416/1545-6927,否,否,否,AHCI,0.1,,艺术学,3 [247/484],否, ART 艺术,4 [69/144],,,,,,,,,,,二级
STUDIES IN CONSERVATION,2025,0039-3630/2047-0584,否,否,否,AHCISCIE,0.8,,艺术学,3 [248/484],否," CHEMISTRY, APPLIED 应用化学",3 [38/74], ARCHAEOLOGY 考古学,4 [119/164], ART 艺术,4 [70/144]," CHEMISTRY, ANALYTICAL 分析化学",4 [66/106], SPECTROSCOPY 光谱学,4 [27/43],,,二级
HISTORICAL JOURNAL OF FILM RADIO AND TELEVISION,2025,0143-9685/1465-3451,否,否,否,AHCI,0.1,,艺术学,3 [249/484],否," FILM, RADIO, TELEVISION 电影、广播、电视",4 [45/66],,,,,,,,,,,二级
Australian and New Zealand Journal of Art,2025,1443-4318/2203-1871,否,否,否,ESCI,<0.1,,艺术学,3 [250/484],否, ART 艺术,4 [71/144],,,,,,,,,,,二级
Perspective-Actualite en Histoire de L Art,2025,1777-7852/1777-7852,否,否,否,AHCI,0.1,,艺术学,3 [251/484],否, ART 艺术,4 [72/144],,,,,,,,,,,二级
Studies in Theatre and Performance,2025,1468-2761/2040-0616,否,否,否,AHCI,0.2,,艺术学,3 [252/484],否, THEATER 戏剧,4 [30/49],,,,,,,,,,,二级
GOYA,2025,0017-2715,否,否,否,AHCI,<0.1,,艺术学,3 [253/484],否, ART 艺术,4 [73/144],,,,,,,,,,,二级
REVUE DE L ART,2025,0035-1326,否,否,否,AHCI,0.1,,艺术学,4 [254/484],否, ART 艺术,4 [74/144],,,,,,,,,,,三级
Architectural Theory Review,2025,1326-4826/1755-0475,否,否,否,AHCI,0.3,,艺术学,4 [255/484],否, ARCHITECTURE 建筑学,3 [24/94],,,,,,,,,,,三级
Moving Image,2025,1532-3978/1542-4235,否,否,否,AHCI,0.1,,艺术学,4 [256/484],否," FILM, RADIO, TELEVISION 电影、广播、电视",4 [46/66],,,,,,,,,,,三级
Journal of Urban Culture Research,2025,2228-8279/2408-1213,否,否,否,ESCI,0.7,,艺术学,4 [257/484],否," HUMANITIES, MULTIDISCIPLINARY 人文科学",4 [230/406],,,,,,,,,,,三级
Sztuka i Dokumentacja-Art & Documentation,2025,2080-413X/2080-413X,否,否,是,ESCI,0.1,,艺术学,4 [258/484],否, ART 艺术,4 [75/144],,,,,,,,,,,三级
International Journal of Architectural Computing,2025,1478-0771/2048-3988,否,否,否,ESCI,2.1,,艺术学,4 [259/484],否, ARCHITECTURE 建筑学,3 [25/94],,,,,,,,,,,三级
Colloquia Humanistica,2025,2081-6774/2392-2419,否,否,是,ESCI,0.2,,艺术学,4 [260/484],否," HUMANITIES, MULTIDISCIPLINARY 人文科学",4 [234/406],,,,,,,,,,,三级
Imago-Revista de Emblematica y Cultura Visual,2025,2254-9633/2254-9633,否,否,否,ESCI,<0.1,,艺术学,4 [261/484],否," HUMANITIES, MULTIDISCIPLINARY 人文科学",4 [236/406],,,,,,,,,,,三级
Ecumenica-Performance and Religion,2025,1942-4558/2578-2185,否,否,否,ESCI,0.1,,艺术学,4 [262/484],否, RELIGION 宗教,4 [271/340], THEATER 戏剧,4 [31/49],,,,,,,,,三级
Journal of Dance & Somatic Practices,2025,1757-1871/1757-188X,否,否,否,ESCI,0.1,,艺术学,4 [263/484],否, DANCE 舞蹈,4 [8/10],,,,,,,,,,,三级
International Journal of Islamic Architecture,2025,2045-5895/2045-5909,否,否,否,AHCI,0.2,,艺术学,4 [264/484],否, ARCHITECTURE 建筑学,3 [26/94],,,,,,,,,,,三级
arq-Architectural Research Quarterly,2025,1359-1355/1474-0516,否,否,否,AHCI,0.2,,艺术学,4 [265/484],否, ARCHITECTURE 建筑学,3 [27/94],,,,,,,,,,,三级
De Arte,2025,0004-3389/2471-4100,否,否,否,ESCI,0.1,,艺术学,4 [266/484],否, ART 艺术,4 [76/144],,,,,,,,,,,三级
Nka-Journal of Contemporary African Art,2025,1075-7163/2152-7792,否,否,否,ESCI,<0.1,,艺术学,4 [267/484],否, ART 艺术,4 [77/144],,,,,,,,,,,三级
Journal of the Musical Arts in Africa,2025,1812-1004/2070-626X,否,否,否,AHCI,0.2,,艺术学,4 [268/484],否, MUSIC 音乐,4 [79/110],,,,,,,,,,,三级
Black Camera,2025,1536-3155/1947-4237,否,否,否,ESCI,0.2,,艺术学,4 [269/484],否," FILM, RADIO, TELEVISION 电影、广播、电视",4 [47/66],,,,,,,,,,,三级
Australasian Drama Studies,2025,0810-4123,否,否,否,AHCI,0.2,,艺术学,4 [270/484],否, THEATER 戏剧,4 [32/49],,,,,,,,,,,三级
Sala Preta,2025,2238-3867/2238-3867,否,否,否,ESCI,0.1,,艺术学,4 [271/484],否, THEATER 戏剧,4 [33/49],,,,,,,,,,,三级
Nordic Theatre Studies,2025,0904-6380/2002-3898,否,否,否,AHCI,<0.1,,艺术学,4 [272/484],否, THEATER 戏剧,4 [34/49],,,,,,,,,,,三级
Musicologica Brunensia,2025,1212-0391/2336-436X,否,否,是,ESCI,<0.1,,艺术学,4 [273/484],否, MUSIC 音乐,4 [80/110],,,,,,,,,,,三级
Iconographica,2025,1720-1764/1720-1764,否,否,否,ESCI,<0.1,,艺术学,4 [274/484],否, ART 艺术,4 [78/144],,,,,,,,,,,三级
ARCHIVO ESPANOL DE ARTE,2025,0004-0428/1988-8511,否,否,是,AHCI,0.1,,艺术学,4 [275/484],否, ART 艺术,4 [79/144],,,,,,,,,,,三级
Kunstiteaduslikke Uurimusi,2025,1406-2860,否,否,否,AHCI,0.3,,艺术学,4 [276/484],否, ART 艺术,4 [80/144],,,,,,,,,,,三级
i2 Investigacion e Innovacion en Arquitectura y Territorio,2025,2341-0515/2341-0515,否,否,是,ESCI,1,,艺术学,4 [277/484],否, ARCHITECTURE 建筑学,3 [28/94],,,,,,,,,,,三级
Philomusica,2025,1826-9001/1826-9001,否,否,否,ESCI,<0.1,,艺术学,4 [278/484],否, MUSIC 音乐,4 [81/110],,,,,,,,,,,三级
Etica & Cine,2025,2250-5660/2250-5415,否,否,是,ESCI,<0.1,,艺术学,4 [279/484],否," FILM, RADIO, TELEVISION 电影、广播、电视",4 [48/66],,,,,,,,,,,三级
Nineteenth-Century Art Worldwide,2025,1543-1002/1543-1002,否,否,是,ESCI,0.4,,艺术学,4 [280/484],否, ART 艺术,4 [81/144],,,,,,,,,,,三级
ESPES-The Slovak Journal of Aesthetics,2025,1339-1119/1339-1119,否,否,是,ESCI,0.1,,艺术学,4 [281/484],否, ART 艺术,4 [82/144], PHILOSOPHY 哲学,4 [217/328],,,,,,,,,三级
RESTAURATOR-INTERNATIONAL JOURNAL FOR THE PRESERVATION OF LIBRARY AND ARCHIVAL MATERIAL,2025,0034-5806/1865-8431,否,否,否,SSCI,0.5,,艺术学,4 [282/484],否, INFORMATION SCIENCE & LIBRARY SCIENCE 图书情报与档案管理,4 [103/160],,,,,,,,,,,三级
SIMIOLUS-NETHERLANDS QUARTERLY FOR THE HISTORY OF ART,2025,0037-5411,否,否,否,AHCI,,,艺术学,4 [283/484],否, ART 艺术,4 [83/144],,,,,,,,,,,三级
Anuario Musical,2025,0211-3538/1988-4125,否,否,是,AHCI,0.1,,艺术学,4 [284/484],否, MUSIC 音乐,4 [82/110],,,,,,,,,,,三级
Slovo,2025,0954-6839,否,否,否,AHCI,0.6,,艺术学,4 [285/484],否," HUMANITIES, MULTIDISCIPLINARY 人文科学",4 [255/406],,,,,,,,,,,三级
RIHA Journal,2025,2190-3328/2190-3328,否,否,是,AHCI,0.2,,艺术学,4 [286/484],否, ART 艺术,4 [84/144],,,,,,,,,,,三级
Photography and Culture,2025,1751-4517/1751-4525,否,否,否,AHCI,0.3,,艺术学,4 [287/484],否, ART 艺术,4 [85/144],,,,,,,,,,,三级
MUSIKFORSCHUNG,2025,0027-4801,否,否,否,AHCI,<0.1,,艺术学,4 [288/484],否, MUSIC 音乐,4 [83/110],,,,,,,,,,,三级
Cartaphilus,2025,1887-5238/1887-5238,否,否,否,ESCI,<0.1,,艺术学,4 [289/484],否," HUMANITIES, MULTIDISCIPLINARY 人文科学",4 [258/406],,,,,,,,,,,三级
Ars Bilduma,2025,1989-9262/1989-9262,否,否,是,ESCI,0.1,,艺术学,4 [290/484],否, ART 艺术,4 [86/144],,,,,,,,,,,三级
THEATER,2025,0161-0775,否,否,否,AHCI,0.1,,艺术学,4 [291/484],否, THEATER 戏剧,4 [35/49],,,,,,,,,,,三级
LATIN AMERICAN MUSIC REVIEW-REVISTA DE MUSICA LATINOAMERICANA,2025,0163-0350/1536-0199,否,否,否,AHCI,0.3,,艺术学,4 [292/484],否, MUSIC 音乐,4 [84/110],,,,,,,,,,,三级
Studia Universitatis Babes-Bolyai Musica,2025,1844-4369/2065-9628,否,否,是,ESCI,0.1,,艺术学,4 [293/484],否, MUSIC 音乐,4 [85/110],,,,,,,,,,,三级
ARCHIVES OF AMERICAN ART JOURNAL,2025,0003-9853/2327-0667,否,否,否,AHCI,0.1,,艺术学,4 [294/484],否, ART 艺术,4 [87/144],,,,,,,,,,,三级
Nauka Televideniya-The Art and Science of Television,2025,1994-9529/2587-9782,否,否,是,ESCI,0.3,,艺术学,4 [295/484],否," FILM, RADIO, TELEVISION 电影、广播、电视",4 [50/66],,,,,,,,,,,三级
Musica Oral del Sur,2025,1138-8579/2445-0391,否,否,是,ESCI,<0.1,,艺术学,4 [296/484],否, MUSIC 音乐,4 [86/110],,,,,,,,,,,三级
Canadian Journal of Film Studies-Revue Canadienne d Etudes Cinematographiques,2025,0847-5911/2561-424X,否,否,否,AHCI,0.2,,艺术学,4 [297/484],否," FILM, RADIO, TELEVISION 电影、广播、电视",4 [51/66],,,,,,,,,,,三级
MUSEUM INTERNATIONAL,2025,1350-0775/1468-0033,否,否,否,AHCI,0.4,,艺术学,4 [298/484],否, ART 艺术,4 [88/144],,,,,,,,,,,三级
INTERNATIONAL REVIEW OF THE AESTHETICS AND SOCIOLOGY OF MUSIC,2025,0351-5796/0351-5796,否,否,否,AHCI,0.2,,艺术学,4 [299/484],否, MUSIC 音乐,4 [87/110],,,,,,,,,,,三级
Fabrications-The Journal of the Society of Architectural Historians Australia and New Zealand,2025,1033-1867/2164-4756,否,否,否,ESCI,0.3,,艺术学,4 [300/484],否, ARCHITECTURE 建筑学,3 [29/94],,,,,,,,,,,三级
Jazz Research Journal,2025,1753-8637/1753-8645,否,否,否,ESCI,0.2,,艺术学,4 [301/484],否, MUSIC 音乐,4 [88/110],,,,,,,,,,,三级
CRITICA D ARTE,2025,0011-1511,否,否,否,AHCI,,,艺术学,4 [302/484],否, ART 艺术,4 [89/144],,,,,,,,,,,三级
Cine Documental,2025,1852-4699/1852-4699,否,否,否,ESCI,,,艺术学,4 [303/484],否," FILM, RADIO, TELEVISION 电影、广播、电视",4 [52/66],,,,,,,,,,,三级
Architectural Science Review,2025,0003-8628/1758-9622,否,否,否,AHCI,1.9,,艺术学,4 [304/484],否, ARCHITECTURE 建筑学,3 [30/94],,,,,,,,,,,三级
Opus,2025,1517-7017/1517-7017,否,否,是,ESCI,0.1,,艺术学,4 [305/484],否, MUSIC 音乐,4 [89/110],,,,,,,,,,,三级
Laboratorio de Arte,2025,1130-5762/2253-8305,否,否,是,ESCI,<0.1,,艺术学,4 [306/484],否, ART 艺术,4 [90/144],,,,,,,,,,,三级
Miranda,2025,2108-6559/2108-6559,否,否,是,ESCI,<0.1,,艺术学,4 [307/484],否," HUMANITIES, MULTIDISCIPLINARY 人文科学",4 [278/406],,,,,,,,,,,三级
Journal of World Popular Music,2025,2052-4900/2052-4919,否,否,否,ESCI,0.3,,艺术学,4 [308/484],否, MUSIC 音乐,4 [90/110],,,,,,,,,,,三级
Zeitschrift der Gesellschaft fur Musiktheorie,2025,1862-6750/1862-6742,否,否,是,ESCI,0.2,,艺术学,4 [309/484],否, MUSIC 音乐,4 [91/110],,,,,,,,,,,三级
Textile-Cloth and Culture,2025,1475-9756/1751-8350,否,否,否,AHCI,0.3,,艺术学,4 [310/484],否," HUMANITIES, MULTIDISCIPLINARY 人文科学",4 [285/406],,,,,,,,,,,三级
Cinemas d Amerique Latine,2025,1267-4397,否,否,否,AHCI,<0.1,,艺术学,4 [311/484],否," FILM, RADIO, TELEVISION 电影、广播、电视",4 [53/66],,,,,,,,,,,三级
Imafronte-Revista de Historia del Arte,2025,0213-392X/1989-4562,否,否,是,ESCI,0.3,,艺术学,4 [312/484],否, ART 艺术,4 [91/144],,,,,,,,,,,三级
Information and Communication Technology in Musical Field,2025,2067-9408/2069-654X,否,否,否,ESCI,0.2,,艺术学,4 [313/484],否, MUSIC 音乐,4 [92/110],,,,,,,,,,,三级
CAMERA OBSCURA,2025,0270-5346/1529-1510,否,否,否,AHCI,0.3,,艺术学,4 [314/484],否," FILM, RADIO, TELEVISION 电影、广播、电视",4 [54/66],,,,,,,,,,,三级
ARCHIV FUR MUSIKWISSENSCHAFT,2025,0003-9292,否,否,否,AHCI,<0.1,,艺术学,4 [315/484],否, MUSIC 音乐,4 [93/110],,,,,,,,,,,三级
Journal of Modern Craft,2025,1749-6772/1749-6780,否,否,否,AHCI,0.2,,艺术学,4 [316/484],否, ART 艺术,4 [92/144],,,,,,,,,,,三级
Arte y Politicas de Identidad,2025,1889-979X/1989-8452,否,否,是,ESCI,<0.1,,艺术学,4 [317/484],否, ART 艺术,4 [93/144],,,,,,,,,,,三级
MUSIK IN BAYERN,2025,0937-583X,否,否,否,AHCI,<0.1,,艺术学,4 [318/484],否, MUSIC 音乐,4 [94/110],,,,,,,,,,,三级
COMPUTER MUSIC JOURNAL,2025,0148-9267/1531-5169,否,否,否,AHCISCIE,,,艺术学,4 [319/484],否," COMPUTER SCIENCE, INTERDISCIPLINARY APPLICATIONS 计算机：跨学科应用",4 [136/172], MUSIC 音乐,4 [95/110],,,,,,,,,三级
REVUE DES MUSEES DE FRANCE-REVUE DU LOUVRE,2025,1962-4271,否,否,否,AHCI,<0.1,,艺术学,4 [320/484],否, ART 艺术,4 [94/144],,,,,,,,,,,三级
Radovi Instituta za Povijest Umjetnosti-Journal of the Institute of Art History,2025,0350-3437/1845-4534,否,否,是,ESCI,0.1,,艺术学,4 [321/484],否, ART 艺术,4 [95/144],,,,,,,,,,,三级
Journal of Curatorial Studies,2025,2045-5836/2045-5844,否,否,否,ESCI,0.1,,艺术学,4 [322/484],否," HUMANITIES, MULTIDISCIPLINARY 人文科学",4 [298/406],,,,,,,,,,,三级
Journal of Architectural Conservation,2025,1355-6207/2326-6384,否,否,否,AHCI,1,,艺术学,4 [323/484],否, ARCHITECTURE 建筑学,3 [31/94],,,,,,,,,,,三级
Teatro e Storia,2025,0394-6932/2239-7272,否,否,否,ESCI,<0.1,,艺术学,4 [324/484],否, THEATER 戏剧,4 [36/49],,,,,,,,,,,三级
Culture et Musees,2025,1766-2923/2111-4528,否,否,否,AHCI,0.4,,艺术学,4 [325/484],否," HUMANITIES, MULTIDISCIPLINARY 人文科学",4 [302/406],,,,,,,,,,,三级
Art-Sanat,2025,2148-3582/2148-3582,否,否,是,ESCI,<0.1,,艺术学,4 [326/484],否, ART 艺术,4 [96/144],,,,,,,,,,,三级
FORUM MODERNES THEATER,2025,0930-5874,否,否,否,AHCI,<0.1,,艺术学,4 [327/484],否, THEATER 戏剧,4 [37/49],,,,,,,,,,,三级
ESTRENO-CUADERNOS DEL TEATRO ESPANOL CONTEMPORANEO,2025,0097-8663,否,否,否,AHCI,<0.1,,艺术学,4 [328/484],否, THEATER 戏剧,4 [38/49],,,,,,,,,,,三级
On the Waterfront,2025,1139-7365/1139-7365,否,否,是,ESCI,0.2,,艺术学,4 [329/484],否, ARCHITECTURE 建筑学,4 [33/94],,,,,,,,,,,三级
LIED UND POPULARE KULTUR-SONG AND POPULAR CULTURE,2025,1619-0548/1619-0548,否,否,否,AHCI,<0.1,,艺术学,4 [330/484],否, FOLKLORE 民俗学,3 [10/18], MUSIC 音乐,4 [96/110],,,,,,,,,三级
Journal of Architecture and Urbanism,2025,2029-7955/2029-7947,否,否,是,ESCI,0.8,,艺术学,4 [331/484],否, ARCHITECTURE 建筑学,4 [34/94],,,,,,,,,,,三级
REVUE D HISTOIRE DU THEATRE,2025,1291-2530,否,否,否,AHCI,<0.1,,艺术学,4 [332/484],否, THEATER 戏剧,4 [39/49],,,,,,,,,,,三级
Science Fiction Film and Television,2025,1754-3770/1754-3789,否,否,否,ESCI,0.3,,艺术学,4 [333/484],否," FILM, RADIO, TELEVISION 电影、广播、电视",4 [55/66],,,,,,,,,,,三级
Short Film Studies,2025,2042-7824/2042-7832,否,否,否,ESCI,<0.1,,艺术学,4 [334/484],否," FILM, RADIO, TELEVISION 电影、广播、电视",4 [56/66],,,,,,,,,,,三级
PAJ-A JOURNAL OF PERFORMANCE AND ART,2025,1520-281X/1537-9477,否,否,否,AHCI,0.1,,艺术学,4 [335/484],否, THEATER 戏剧,4 [40/49],,,,,,,,,,,三级
FOLK MUSIC JOURNAL,2025,0531-9684,否,否,否,AHCI,0.2,,艺术学,4 [336/484],否, FOLKLORE 民俗学,4 [12/18], MUSIC 音乐,4 [97/110],,,,,,,,,三级
CANADIAN THEATRE REVIEW,2025,0315-0836/1920-941X,否,否,否,AHCI,0.4,,艺术学,4 [337/484],否, THEATER 戏剧,4 [41/49],,,,,,,,,,,三级
Hrvatski Filmski Ljetopis,2025,1330-7665,否,否,否,AHCI,<0.1,,艺术学,4 [338/484],否," FILM, RADIO, TELEVISION 电影、广播、电视",4 [57/66],,,,,,,,,,,三级
Umeni-Art,2025,0049-5123/1804-6509,否,否,否,AHCI,0.1,,艺术学,4 [339/484],否, ART 艺术,4 [97/144],,,,,,,,,,,三级
Revista de Investigacion sobre Flamenco-La Madruga,2025,1989-6042/1989-6042,否,否,否,ESCI,<0.1,,艺术学,4 [340/484],否, MUSIC 音乐,4 [98/110],,,,,,,,,,,三级
Malaysian Journal of Music,2025,2600-9366/2600-9331,否,否,否,ESCI,0.3,,艺术学,4 [341/484],否, MUSIC 音乐,4 [99/110],,,,,,,,,,,三级
Ra-Revista de Arquitectura,2025,1138-5596/2254-6332,否,否,是,AHCI,0.4,,艺术学,4 [342/484],否, ARCHITECTURE 建筑学,4 [35/94],,,,,,,,,,,三级
Design Journal,2025,1460-6925/1756-3062,否,否,否,AHCI,1.1,,艺术学,4 [343/484],否, ART 艺术,4 [98/144],,,,,,,,,,,三级
AusArt,2025,2340-9134/2340-8510,否,否,是,ESCI,<0.1,,艺术学,4 [344/484],否, ART 艺术,4 [99/144],,,,,,,,,,,三级
PERFORMANCE RESEARCH,2025,1352-8165/1469-9990,否,否,否,AHCI,0.1,,艺术学,4 [345/484],否, THEATER 戏剧,4 [42/49],,,,,,,,,,,三级
Ricerche di S-Confine,2025,2038-8411/2038-8411,否,否,是,ESCI,,,艺术学,4 [346/484],否," HUMANITIES, MULTIDISCIPLINARY 人文科学",4 [315/406],,,,,,,,,,,三级
LATIN AMERICAN THEATRE REVIEW,2025,0023-8813/2161-0576,否,否,否,AHCI,0.1,,艺术学,4 [347/484],否, THEATER 戏剧,4 [43/49],,,,,,,,,,,三级
Atalante-Revista de Estudios Cinematograficos,2025,1885-3730/2340-6992,否,否,是,AHCI,0.1,,艺术学,4 [348/484],否," FILM, RADIO, TELEVISION 电影、广播、电视",4 [58/66],,,,,,,,,,,三级
Calle 14-Revista de investigacion en el Campo del Arte,2025,2011-3757/2145-0706,否,否,是,ESCI,0.1,,艺术学,4 [349/484],否, ART 艺术,4 [100/144],,,,,,,,,,,三级
Visual Inquiry-Learning & Teaching Art,2025,2045-5879/2045-5887,否,否,否,ESCI,<0.1,,艺术学,4 [350/484],否, ART 艺术,4 [101/144],,,,,,,,,,,三级
Intermedialites,2025,1705-8546/1920-3136,否,否,否,ESCI,<0.1,,艺术学,4 [351/484],否," HUMANITIES, MULTIDISCIPLINARY 人文科学",4 [322/406],,,,,,,,,,,三级
Urdimento-Revista de Estudos em Artes Cenicas,2025,1414-5731/2358-6958,否,否,是,ESCI,0.1,,艺术学,4 [352/484],否, THEATER 戏剧,4 [45/49],,,,,,,,,,,三级
EGA-Revista de Expresion Grafica Arquitectonica,2025,1133-6137/2254-6103,否,否,是,AHCI,0.3,,艺术学,4 [353/484],否, ARCHITECTURE 建筑学,4 [36/94],,,,,,,,,,,三级
Discourse-Journal for Theoretical Studies in Media and Culture,2025,1522-5321/1536-1810,否,否,否,ESCI,0.3,,艺术学,4 [354/484],否," HUMANITIES, MULTIDISCIPLINARY 人文科学",4 [326/406],,,,,,,,,,,三级
ABE Journal,2025,2275-6639/2275-6639,否,否,是,ESCI,0.3,,艺术学,4 [355/484],否, ARCHITECTURE 建筑学,4 [37/94],,,,,,,,,,,三级
DOWN BEAT,2025,0012-5768/0012-5768,否,否,否,AHCI,<0.1,,艺术学,4 [356/484],否, MUSIC 音乐,4 [100/110],,,,,,,,,,,三级
Boletin de Arte,2025,2314-2502/2314-2502,否,否,是,ESCI,<0.1,,艺术学,4 [357/484],否, ART 艺术,4 [102/144],,,,,,,,,,,三级
Revista 180,2025,0718-2309/0718-2309,否,否,否,AHCI,0.1,,艺术学,4 [358/484],否, ARCHITECTURE 建筑学,4 [38/94],,,,,,,,,,,三级
Zivot Umjetnosti,2025,0514-7794/1849-2207,否,否,否,AHCI,<0.1,,艺术学,4 [359/484],否, ART 艺术,4 [103/144],,,,,,,,,,,三级
Journal of Art History-Sanat Tarihi Yilligi,2025,0579-4080/2717-6940,否,否,是,ESCI,<0.1,,艺术学,4 [360/484],否, ART 艺术,4 [104/144], HISTORY 历史学,4 [420/523],,,,,,,,,三级
JOURNAL OF GLASS STUDIES,2025,0075-4250,否,否,否,AHCI,0.2,,艺术学,4 [361/484],否, ART 艺术,4 [105/144],,,,,,,,,,,三级
Revista Vortex-Vortex Music Journal,2025,2317-9937/2317-9937,否,否,是,ESCI,0.1,,艺术学,4 [362/484],否, MUSIC 音乐,4 [101/110],,,,,,,,,,,三级
ARTS OF ASIA,2025,0004-4083,否,否,否,AHCI,<0.1,,艺术学,4 [363/484],否, ART 艺术,4 [106/144], ASIAN STUDIES 亚洲研究,4 [95/102],,,,,,,,,三级
Antropologia e Teatro-Rivista di Studi,2025,2039-2281/2039-2281,否,否,是,ESCI,0.1,,艺术学,4 [364/484],否, THEATER 戏剧,4 [46/49],,,,,,,,,,,三级
EARI-Educacion Artistica-Revista de Investigacion,2025,1695-8403/2254-7592,否,否,是,ESCI,0.6,,艺术学,4 [365/484],否, ART 艺术,4 [107/144],,,,,,,,,,,三级
Quintana-Revista do Departamento de Historia da Arte,2025,1579-7414/2340-0005,否,否,否,ESCI,0.1,,艺术学,4 [366/484],否, ART 艺术,4 [108/144],,,,,,,,,,,三级
Afterall,2025,1465-4253/2156-4914,否,否,否,AHCI,0.1,,艺术学,4 [367/484],否, ART 艺术,4 [109/144],,,,,,,,,,,三级
BRAC-Barcelona Research Art Creation,2025,2014-8992/2014-8992,否,否,是,ESCI,<0.1,,艺术学,4 [368/484],否, ART 艺术,4 [110/144],,,,,,,,,,,三级
MUSIK UND KIRCHE,2025,0027-4771/2568-3128,否,否,否,AHCI,<0.1,,艺术学,4 [369/484],否, MUSIC 音乐,4 [102/110],,,,,,,,,,,三级
URBAN MORPHOLOGY,2025,1027-4278/1027-4278,否,否,否,AHCI,1.3,,艺术学,4 [370/484],否, ARCHITECTURE 建筑学,4 [39/94],,,,,,,,,,,三级
En Blanco-Revista de Arquitectura,2025,1888-5616/2445-1215,否,否,否,ESCI,0.1,,艺术学,4 [371/484],否, ARCHITECTURE 建筑学,4 [40/94],,,,,,,,,,,三级
Grafica-Journal of Graphic Design,2025,2014-9298/2014-9298,否,否,是,ESCI,0.4,,艺术学,4 [372/484],否, ART 艺术,4 [111/144],,,,,,,,,,,三级
Disegnarecon,2025,1828-5961/1828-5961,否,否,是,ESCI,0.3,,艺术学,4 [373/484],否, ARCHITECTURE 建筑学,4 [41/94],,,,,,,,,,,三级
Musica Hodie,2025,1676-3939/2317-6776,否,否,是,AHCI,0.3,,艺术学,4 [374/484],否, MUSIC 音乐,4 [103/110],,,,,,,,,,,三级
Art Design & Communication in Higher Education,2025,1474-273X/2040-0896,否,否,否,ESCI,0.4,,艺术学,4 [375/484],否, ART 艺术,4 [112/144],,,,,,,,,,,三级
CONNAISSANCE DES ARTS,2025,0293-9274,否,否,否,AHCI,<0.1,,艺术学,4 [376/484],否, ART 艺术,4 [113/144],,,,,,,,,,,三级
THEATRE HISTORY STUDIES,2025,0733-2033,否,否,否,AHCI,0.1,,艺术学,4 [377/484],否, THEATER 戏剧,4 [47/49],,,,,,,,,,,三级
IN BO-Ricerche e Progetti per il Territorio la Citta e l Architettura,2025,2036-1602/2036-1602,否,否,是,ESCI,<0.1,,艺术学,4 [378/484],否, ARCHITECTURE 建筑学,4 [42/94],,,,,,,,,,,三级
AM Journal of Art and Media Studies,2025,2217-9666/2406-1654,否,否,是,ESCI,0.1,,艺术学,4 [379/484],否, ART 艺术,4 [114/144],,,,,,,,,,,三级
Quiroga-Revista de Patrimonio Iberoamericano,2025,2254-7037/2254-7037,否,否,是,ESCI,0.1,,艺术学,4 [380/484],否," HUMANITIES, MULTIDISCIPLINARY 人文科学",4 [355/406],,,,,,,,,,,三级
Cinemas,2025,1181-6945/1705-6500,否,否,否,ESCI,<0.1,,艺术学,4 [381/484],否," FILM, RADIO, TELEVISION 电影、广播、电视",4 [59/66],,,,,,,,,,,三级
Art Style,2025,2596-1802/2596-1810,否,否,是,ESCI,<0.1,,艺术学,4 [382/484],否, ART 艺术,4 [115/144],,,,,,,,,,,三级
ARCHITECTURAL DESIGN,2025,0003-8504/1554-2769,否,否,否,AHCI,0.2,,艺术学,4 [383/484],否, ARCHITECTURE 建筑学,4 [43/94],,,,,,,,,,,三级
THEATER HEUTE,2025,0040-5507/0040-5507,否,否,否,AHCI,<0.1,,艺术学,4 [384/484],否, THEATER 戏剧,4 [48/49],,,,,,,,,,,三级
Public-Art Culture Ideas,2025,0845-4450/2048-6928,否,否,否,ESCI,0.2,,艺术学,4 [385/484],否, ART 艺术,4 [116/144],,,,,,,,,,,三级
Sanat Tarihi Dergisi-Journal of Art History,2025,1300-5707/2636-8064,否,否,是,ESCI,0.1,,艺术学,4 [386/484],否, ART 艺术,4 [117/144],,,,,,,,,,,三级
CINEFORUM,2025,0009-7039/0009-7039,否,否,否,AHCI,<0.1,,艺术学,4 [387/484],否," FILM, RADIO, TELEVISION 电影、广播、电视",4 [60/66],,,,,,,,,,,三级
SIGHT AND SOUND,2025,0037-4806/0037-4806,否,否,否,AHCI,0.2,,艺术学,4 [388/484],否," FILM, RADIO, TELEVISION 电影、广播、电视",4 [61/66],,,,,,,,,,,三级
Res Mobilis-International Research Journal of Furniture and Decorative Objects,2025,2255-2057/2255-2057,否,否,是,ESCI,0.1,,艺术学,4 [389/484],否, ART 艺术,4 [118/144],,,,,,,,,,,三级
FILM CRITICISM,2025,0163-5069/0163-5069,否,否,是,AHCI,0.3,,艺术学,4 [390/484],否," FILM, RADIO, TELEVISION 电影、广播、电视",4 [62/66],,,,,,,,,,,三级
Lino - Revista Anual de Historia del Arte,2025,0211-2574/2341-1139,否,否,否,ESCI,<0.1,,艺术学,4 [391/484],否, ART 艺术,4 [119/144],,,,,,,,,,,三级
Architecture_MPS,2025,2050-9006/2050-9006,否,否,是,ESCI,0.5,,艺术学,4 [392/484],否, ARCHITECTURE 建筑学,4 [44/94],,,,,,,,,,,三级
South African Museums Association Bulletin,2025,0370-8314/0370-8314,否,否,否,ESCI,,,艺术学,4 [393/484],否," HUMANITIES, MULTIDISCIPLINARY 人文科学",4 [359/406],,,,,,,,,,,三级
Cuaderno de Notas,2025,1138-1590/2386-8376,否,否,是,ESCI,<0.1,,艺术学,4 [394/484],否, ARCHITECTURE 建筑学,4 [45/94],,,,,,,,,,,三级
AVANT SCENE OPERA,2025,0295-1371,否,否,否,AHCI,<0.1,,艺术学,4 [395/484],否, MUSIC 音乐,4 [104/110],,,,,,,,,,,三级
JOURNAL OF ARCHITECTURAL EDUCATION,2025,1046-4883/1531-314X,否,否,否,AHCI,0.5,,艺术学,4 [396/484],否, ARCHITECTURE 建筑学,4 [46/94],,,,,,,,,,,三级
Cuadernos de Proyectos Arquitectonicos,2025,2171-956X/2174-1131,否,否,是,ESCI,0.1,,艺术学,4 [397/484],否, ARCHITECTURE 建筑学,4 [47/94],,,,,,,,,,,三级
Arquitecturas del Sur,2025,0716-2677/0719-6466,否,否,是,ESCI,0.1,,艺术学,4 [398/484],否, ARCHITECTURE 建筑学,4 [48/94],,,,,,,,,,,三级
JAHRBUCH DER BERLINER MUSEEN,2025,0075-2207,否,否,否,AHCI,,,艺术学,4 [399/484],否, ART 艺术,4 [120/144],,,,,,,,,,,三级
WAFFEN-UND KOSTUMKUNDE,2025,0042-9945,否,否,否,AHCI,,,艺术学,4 [400/484],否, ART 艺术,4 [121/144],,,,,,,,,,,三级
SituArte,2025,1856-7134/2542-3231,否,否,否,ESCI,<0.1,,艺术学,4 [401/484],否," HUMANITIES, MULTIDISCIPLINARY 人文科学",4 [363/406],,,,,,,,,,,三级
Conservar Patrimonio,2025,1646-043X/2182-9942,否,否,是,ESCI,0.4,,艺术学,4 [402/484],否," HUMANITIES, MULTIDISCIPLINARY 人文科学",4 [365/406],,,,,,,,,,,三级
ARQ,2025,0717-6996/0717-6996,否,否,是,AHCI,0.3,,艺术学,4 [403/484],否, ARCHITECTURE 建筑学,4 [49/94],,,,,,,,,,,三级
RICERCHE DI STORIA DELL ARTE,2025,0392-7202/0392-7202,否,否,否,AHCI,<0.1,,艺术学,4 [404/484],否, ART 艺术,4 [122/144],,,,,,,,,,,三级
OPERA,2025,0030-3526/0030-3526,否,否,否,AHCI,0.2,,艺术学,4 [405/484],否, MUSIC 音乐,4 [105/110],,,,,,,,,,,三级
Circuit,2025,1183-1693/1183-1693,否,否,否,ESCI,0.1,,艺术学,4 [406/484],否, MUSIC 音乐,4 [106/110],,,,,,,,,,,三级
South African Journal of Art History,2025,0258-3542/0258-3542,否,否,否,ESCI,0.1,,艺术学,4 [407/484],否, ART 艺术,4 [123/144],,,,,,,,,,,三级
DESIGN ISSUES,2025,0747-9360/1531-4790,否,否,否,AHCI,0.9,,艺术学,4 [408/484],否, ARCHITECTURE 建筑学,4 [50/94],,,,,,,,,,,三级
Interiors-Design Architecture Culture,2025,2041-9112/2041-9120,否,否,否,AHCI,0.3,,艺术学,4 [409/484],否, ARCHITECTURE 建筑学,4 [51/94],,,,,,,,,,,三级
Jeu-Revue de Theatre,2025,0382-0335/1923-2578,否,否,否,ESCI,<0.1,,艺术学,4 [410/484],否, THEATER 戏剧,4 [49/49],,,,,,,,,,,三级
Marg-A Magazine of the Arts,2025,0972-1444,否,否,否,AHCI,<0.1,,艺术学,4 [411/484],否, ART 艺术,4 [124/144], ASIAN STUDIES 亚洲研究,4 [97/102],,,,,,,,,三级
POSITIF,2025,0048-4911,否,否,否,AHCI,0.1,,艺术学,4 [412/484],否," FILM, RADIO, TELEVISION 电影、广播、电视",4 [63/66],,,,,,,,,,,三级
Debates,2025,1414-7939/2359-1056,否,否,否,ESCI,<0.1,,艺术学,4 [413/484],否, MUSIC 音乐,4 [107/110],,,,,,,,,,,三级
Craft Research,2025,2040-4689/2040-4697,否,否,否,ESCI,0.3,,艺术学,4 [414/484],否, ART 艺术,4 [125/144],,,,,,,,,,,三级
Dearq,2025,2215-969X/2215-969X,否,否,是,ESCI,0.1,,艺术学,4 [415/484],否, ARCHITECTURE 建筑学,4 [52/94],,,,,,,,,,,三级
Arte y Ciudad-Revista de Investigacion,2025,2254-2930/2254-7673,否,否,否,ESCI,<0.1,,艺术学,4 [416/484],否, ART 艺术,4 [126/144],,,,,,,,,,,三级
Prostor,2025,1330-0652/1333-9117,否,否,是,AHCI,0.3,,艺术学,4 [417/484],否, ARCHITECTURE 建筑学,4 [53/94],,,,,,,,,,,三级
International Journal of Conservation Science,2025,2067-533X/2067-8223,否,否,是,ESCI,0.8,,艺术学,4 [418/484],否, ART 艺术,4 [127/144],,,,,,,,,,,三级
Rivista d Arte,2025,1122-0732/2240-5550,否,否,否,ESCI,<0.1,,艺术学,4 [419/484],否, ART 艺术,4 [128/144],,,,,,,,,,,三级
DEGRES-REVUE DE SYNTHESE A ORIENTATION SEMIOLOGIQUE,2025,0376-8163,否,否,否,AHCI,<0.1,,艺术学,4 [420/484],否," HUMANITIES, MULTIDISCIPLINARY 人文科学",4 [376/406],,,,,,,,,,,三级
Metro,2025,0312-2654/0312-2654,否,否,否,ESCI,,,艺术学,4 [421/484],否," FILM, RADIO, TELEVISION 电影、广播、电视",4 [64/66],,,,,,,,,,,三级
ArDIn-Arte Diseno e Ingenieria,2025,2254-8319/2254-8319,否,否,是,ESCI,<0.1,,艺术学,4 [422/484],否, ART 艺术,4 [129/144],,,,,,,,,,,三级
ARTFORUM INTERNATIONAL,2025,1086-7058,否,否,否,AHCI,,,艺术学,4 [423/484],否, ART 艺术,4 [130/144],,,,,,,,,,,三级
Journal of Landscape Architecture,2025,1862-6033/2164-604X,否,否,否,AHCI,0.3,,艺术学,4 [424/484],否, ARCHITECTURE 建筑学,4 [54/94],,,,,,,,,,,三级
Studies in History and Theory of Architecture-Studii de Istoria si Teoria Arhitecturii,2025,2344-6544/2457-1687,否,否,是,AHCI,<0.1,,艺术学,4 [425/484],否, ARCHITECTURE 建筑学,4 [55/94],,,,,,,,,,,三级
Bulletin KNOB,2025,0166-0470/2589-3343,否,否,是,ESCI,0.1,,艺术学,4 [426/484],否, ARCHITECTURE 建筑学,4 [56/94],,,,,,,,,,,三级
Film International,2025,1651-6826/2040-3801,否,否,否,ESCI,0.1,,艺术学,4 [427/484],否," FILM, RADIO, TELEVISION 电影、广播、电视",4 [65/66],,,,,,,,,,,三级
Philosophy of Photography,2025,2040-3682/2040-3690,否,否,否,ESCI,0.2,,艺术学,4 [428/484],否, ART 艺术,4 [131/144],,,,,,,,,,,三级
Women and Music-A Journal of Gender and Culture,2025,1090-7505/1553-0612,否,否,否,ESCI,0.4,,艺术学,4 [429/484],否, MUSIC 音乐,4 [108/110], WOMENS STUDIES 女性研究,4 [60/66],,,,,,,,,三级
Observar,2025,1988-5105/1988-5105,否,否,是,ESCI,0.5,,艺术学,4 [430/484],否, ART 艺术,4 [132/144],,,,,,,,,,,三级
EGE-Revista de Expresion Grafica en la Edificacion,2025,1888-8143/2605-082X,否,否,是,ESCI,0.2,,艺术学,4 [431/484],否, ARCHITECTURE 建筑学,4 [57/94],,,,,,,,,,,三级
Proyecto Progreso Arquitectura,2025,2171-6897/2173-1616,否,否,是,AHCI,0.1,,艺术学,4 [432/484],否, ARCHITECTURE 建筑学,4 [58/94],,,,,,,,,,,三级
Rita-Revista Indexada de Textos Academicos,2025,2340-9711/2386-7027,否,否,是,ESCI,0.5,,艺术学,4 [433/484],否, ARCHITECTURE 建筑学,4 [59/94],,,,,,,,,,,三级
MILLENNIUM FILM JOURNAL,2025,1064-5586/1064-5586,否,否,否,AHCI,0.1,,艺术学,4 [434/484],否," FILM, RADIO, TELEVISION 电影、广播、电视",4 [66/66],,,,,,,,,,,三级
Tanz,2025,1869-7720/1869-7720,否,否,否,AHCI,<0.1,,艺术学,4 [435/484],否, DANCE 舞蹈,4 [9/10],,,,,,,,,,,三级
Revista Internacional de Educacion Musical,2025,2307-4841/2307-4841,否,否,否,ESCI,0.3,,艺术学,4 [436/484],否, MUSIC 音乐,4 [109/110],,,,,,,,,,,三级
Journal of Contemporary Painting,2025,2052-6695/2052-6709,否,否,否,ESCI,<0.1,,艺术学,4 [437/484],否, ART 艺术,4 [133/144],,,,,,,,,,,三级
LEONARDO,2025,0024-094X/1530-9282,否,否,否,AHCI,0.3,,艺术学,4 [438/484],否, ART 艺术,4 [134/144],,,,,,,,,,,三级
DENKMALPFLEGE,2025,0947-031X/2569-1589,否,否,否,AHCI,0.1,,艺术学,4 [439/484],否, ARCHITECTURE 建筑学,4 [60/94],,,,,,,,,,,三级
ACE-Architecture City and Environment,2025,1886-4805/1886-4805,否,否,是,ESCI,0.8,,艺术学,4 [440/484],否, ARCHITECTURE 建筑学,4 [61/94], URBAN STUDIES 城市研究,4 [64/77],,,,,,,,,三级
APERTURE,2025,0003-6420/0003-6420,否,否,否,AHCI,0.1,,艺术学,4 [441/484],否, ART 艺术,4 [135/144],,,,,,,,,,,三级
ArcHistoR-Architecture History Restoration,2025,2384-8898/2384-8898,否,否,是,ESCI,0.1,,艺术学,4 [442/484],否, ARCHITECTURE 建筑学,4 [62/94],,,,,,,,,,,三级
Festival dell Architettura Magazine,2025,2039-0491/2039-0491,否,否,是,ESCI,<0.1,,艺术学,4 [443/484],否, ARCHITECTURE 建筑学,4 [63/94],,,,,,,,,,,三级
APOLLO-The International Art Magazine,2025,0003-6536/0003-6536,否,否,否,AHCI,<0.1,,艺术学,4 [444/484],否, ART 艺术,4 [136/144],,,,,,,,,,,三级
Revista de Arquitectura-Bogota,2025,1657-0308/2357-626X,否,否,是,ESCI,0.2,,艺术学,4 [445/484],否, ARCHITECTURE 建筑学,4 [64/94],,,,,,,,,,,三级
Bagh-e Nazar,2025,1735-9635/2251-7197,否,否,否,ESCI,0.2,,艺术学,4 [446/484],否," HUMANITIES, MULTIDISCIPLINARY 人文科学",4 [398/406],,,,,,,,,,,三级
Constelaciones,2025,2340-177X/2531-1360,否,否,否,ESCI,<0.1,,艺术学,4 [447/484],否, ARCHITECTURE 建筑学,4 [65/94],,,,,,,,,,,三级
Space,2025,1228-2472,否,否,否,AHCI,0.1,,艺术学,4 [448/484],否, ARCHITECTURE 建筑学,4 [66/94],,,,,,,,,,,三级
A + U-ARCHITECTURE AND URBANISM,2025,0389-9160,否,否,否,AHCI,,,艺术学,4 [449/484],否, ARCHITECTURE 建筑学,4 [67/94],,,,,,,,,,,三级
CERAMICS-ART AND PERCEPTION,2025,1035-1841/1035-1841,否,否,否,AHCI,<0.1,,艺术学,4 [450/484],否, ART 艺术,4 [137/144],,,,,,,,,,,三级
DANCE MAGAZINE,2025,0011-6009,否,否,否,AHCI,<0.1,,艺术学,4 [451/484],否, DANCE 舞蹈,4 [10/10],,,,,,,,,,,三级
Manzar-The Scientific Journal of Landscape,2025,2008-7446/2008-2169,否,否,是,ESCI,0.4,,艺术学,4 [452/484],否, ARCHITECTURE 建筑学,4 [68/94],,,,,,,,,,,三级
SCULPTURE REVIEW,2025,0747-5284/2632-3494,否,否,否,AHCI,0.1,,艺术学,4 [453/484],否, ART 艺术,4 [138/144],,,,,,,,,,,三级
Estoa-Revista de la Facultad de Arquitectura y Urbanismo de la Universidad de Cuenca,2025,1390-7263/1390-9274,否,否,是,ESCI,0.1,,艺术学,4 [454/484],否, ARCHITECTURE 建筑学,4 [69/94],,,,,,,,,,,三级
Ge-Conservacion,2025,1989-8568/1989-8568,否,否,是,ESCI,0.3,,艺术学,4 [455/484],否," HUMANITIES, MULTIDISCIPLINARY 人文科学",4 [400/406],,,,,,,,,,,三级
METU Journal of the Faculty of Architecture,2025,0258-5316/0258-5316,否,否,否,AHCI,0.4,,艺术学,4 [456/484],否, ARCHITECTURE 建筑学,4 [70/94],,,,,,,,,,,三级
VITRUVIO-International Journal of Architectural Technology and Sustainability,2025,2444-9091/2444-9091,否,否,是,ESCI,1,,艺术学,4 [457/484],否, ARCHITECTURE 建筑学,4 [71/94],,,,,,,,,,,三级
Portal-Godisnjak Hrvatskog Restauratorskog Zavoda,2025,1847-9464/1848-6681,否,否,否,ESCI,<0.1,,艺术学,4 [458/484],否, ART 艺术,4 [139/144],,,,,,,,,,,三级
LOTUS INTERNATIONAL,2025,1124-9064,否,否,否,AHCI,<0.1,,艺术学,4 [459/484],否, ARCHITECTURE 建筑学,4 [72/94],,,,,,,,,,,三级
Ri Vista-Ricerche per la Progettazione del Paesaggio,2025,1724-6768/1724-6768,否,否,是,ESCI,<0.1,,艺术学,4 [460/484],否, ARCHITECTURE 建筑学,4 [73/94],,,,,,,,,,,三级
Intervencion-Revista Internacional de Conservacion Restauracion y Museologia,2025,2007-249X/2448-5934,否,否,否,ESCI,<0.1,,艺术学,4 [461/484],否," HUMANITIES, MULTIDISCIPLINARY 人文科学",4 [402/406],,,,,,,,,,,三级
Disegnare Idee Immagini-Ideas Images,2025,1123-9247/1123-9247,否,否,否,AHCI,0.1,,艺术学,4 [462/484],否, ARCHITECTURE 建筑学,4 [74/94],,,,,,,,,,,三级
OPERA NEWS,2025,0030-3607/1938-1506,否,否,否,AHCI,<0.1,,艺术学,4 [463/484],否, MUSIC 音乐,4 [110/110],,,,,,,,,,,三级
West 86th-A Journal of Decorative Arts Design History and Material Culture,2025,2153-5531/2153-5558,否,否,否,ESCI,0.1,,艺术学,4 [464/484],否, ART 艺术,4 [140/144],,,,,,,,,,,三级
ART IN AMERICA,2025,0004-3214/0004-3214,否,否,否,AHCI,0.1,,艺术学,4 [465/484],否, ART 艺术,4 [141/144],,,,,,,,,,,三级
Materia Arquitectura,2025,0718-7033/0718-7033,否,否,是,ESCI,<0.1,,艺术学,4 [466/484],否, ARCHITECTURE 建筑学,4 [76/94],,,,,,,,,,,三级
Loggia Arquitectura & Restauracion,2025,1136-758X/2444-1619,否,否,是,ESCI,0.1,,艺术学,4 [467/484],否, ARCHITECTURE 建筑学,4 [77/94],,,,,,,,,,,三级
Japan Architectural Review,2025,2475-8876/2475-8876,否,否,是,ESCI,0.8,,艺术学,4 [468/484],否, ARCHITECTURE 建筑学,4 [78/94],,,,,,,,,,,三级
Teka Komisji Urbanistyki i Architektury,2025,0079-3450/2450-0038,否,否,否,ESCI,0.2,,艺术学,4 [469/484],否, ARCHITECTURE 建筑学,4 [79/94],,,,,,,,,,,三级
Anadolu Universitesi Sanat & Tasarim Dergisi-Anadolu University Journal of Art & Design,2025,2146-9059/2146-9059,否,否,否,ESCI,0.2,,艺术学,4 [470/484],否, ART 艺术,4 [143/144],,,,,,,,,,,三级
Landscape Architecture Frontiers,2025,2096-336X/2095-5413,否,否,否,ESCI,0.9,,艺术学,4 [471/484],否, ARCHITECTURE 建筑学,4 [80/94],,,,,,,,,,,三级
Technology-Architecture + Design,2025,2475-1448/2475-143X,否,否,否,ESCI,0.7,,艺术学,4 [472/484],否, ARCHITECTURE 建筑学,4 [81/94], CONSTRUCTION & BUILDING TECHNOLOGY 结构与建筑技术,4 [73/91],,,,,,,,,三级
ICONARP International Journal of Architecture and Planning,2025,2147-9380/2147-9380,否,否,是,ESCI,0.4,,艺术学,4 [473/484],否, ARCHITECTURE 建筑学,4 [82/94],,,,,,,,,,,三级
Estudios del Habitat,2025,0328-929X/2422-6483,否,否,否,ESCI,<0.1,,艺术学,4 [474/484],否, ARCHITECTURE 建筑学,4 [83/94],,,,,,,,,,,三级
Landscape Architecture and Art,2025,2255-8632/2255-8640,否,否,否,ESCI,0.3,,艺术学,4 [475/484],否, ARCHITECTURE 建筑学,4 [84/94],,,,,,,,,,,三级
Contexto-Revista de la Facultad de Arquitectura Universidad Autonoma de Nuevo Leon,2025,2007-1639/2007-1639,否,否,是,ESCI,<0.1,,艺术学,4 [476/484],否, ARCHITECTURE 建筑学,4 [85/94],,,,,,,,,,,三级
Megaron,2025,1309-6915/1309-6915,否,否,是,ESCI,0.3,,艺术学,4 [477/484],否, ARCHITECTURE 建筑学,4 [86/94],,,,,,,,,,,三级
ARCHITECTURAL RECORD,2025,0003-858X,否,否,否,AHCI,<0.1,,艺术学,4 [478/484],否, ARCHITECTURE 建筑学,4 [87/94],,,,,,,,,,,三级
Techne-Journal of Technology for Architecture and Environment,2025,2239-0243/2239-0243,否,否,否,ESCI,0.6,,艺术学,4 [479/484],否, ARCHITECTURE 建筑学,4 [88/94],,,,,,,,,,,三级
Architect,2025,1935-7001/1935-7001,否,否,否,AHCI,0.4,,艺术学,4 [480/484],否, ARCHITECTURE 建筑学,4 [91/94],,,,,,,,,,,三级
Journal of Architecture and Planning -King Saud University,2025,1018-3604/1018-3604,否,否,否,ESCI,0.4,,艺术学,4 [481/484],否, ARCHITECTURE 建筑学,4 [92/94], URBAN STUDIES 城市研究,4 [76/77],,,,,,,,,三级
Journal of Visual Art and Design,2025,2337-5795/2338-5480,否,否,否,ESCI,0.1,,艺术学,4 [482/484],否, ART 艺术,4 [144/144],,,,,,,,,,,三级
Italian Journal of Planning Practice,2025,2239-267X/2239-267X,否,否,是,ESCI,0.6,,艺术学,4 [483/484],否, ARCHITECTURE 建筑学,4 [93/94],,,,,,,,,,,三级
Arquitetura Revista,2025,1808-5741,否,否,否,AHCI,,,艺术学,4 [484/484],否, ARCHITECTURE 建筑学,4 [94/94],,,,,,,,,,,三级
